Workbook
Name Slicer_Discount_category: #N/A
Name Slicer_Price_Category: #N/A
Name Slicer_Rating_Category: #N/A

Sheet Excel_jumia_dataset
A1: Product | B1: Current price | C1: old price | D1: Discount | E1: Review | F1: Ratingd
A2: 115 Piece Set Of Multifunctional Precision Screwdrivers | B2: KSh 950 | C2: KSh 1,525 | D2: 0.38 | E2: -2 | F2: 4.5 out of 5
A3: Metal Decorative Hooks Key Hangers Entryway Wall Hooks Towel Hooks - Home | B3: KSh 527 | C3: KSh 999 | D3: 0.47 | E3: -14 | F3: 4.1 out of 5
A4: Portable Mini Cordless Car Vacuum Cleaner - Blue | B4: KSh 2,199 | C4: KSh 2,923 | D4: 0.25 | E4: -24 | F4: 4.6 out of 5
A5: Weighing Scale Digital Bathroom Body Fat Scale USB-Black | B5: KSh 1,580 | C5: KSh 2,499 | D5: 0.37 | E5: -7 | F5: 4.7 out of 5
A6: Portable Home Small Air Humidifier 3-Speed Fan - Green | B6: KSh 1,740 | C6: KSh 2,356 | D6: 0.26 | E6: -5 | F6: 4.8 out of 5
A7: 220V 60W Electric Soldering Iron Kits With Tools, Tips, And Multimeter | B7: KSh 2,999 | C7: KSh 3,290 | D7: 0.09 | E7: -15 | F7: 4 out of 5
A8: 137 Pieces Cake Decorating Tool Set Baking Supplies | B8: KSh 2,319 | C8: KSh 3,032 | D8: 0.24 | E8: -55 | F8: 4.6 out of 5
A9: Desk Foldable Fan Adjustable Fan Strong Wind 3 Gear Usb | B9: KSh 988 | C9: KSh 1,580 | D9: 0.37 | E9: -2 | F9: 4 out of 5
A10: LASA FOLDING TABLE SERVING STAND | B10: KSh 1,274 | C10: KSh 2,800 | D10: 0.55 | E10: -5 | F10: 4.8 out of 5
A11: 13 In 1 Home Repair Tools Box Kit Set | B11: KSh 1,600 | C11: KSh 2,929 | D11: 0.45 | E11: -5 | F11: 3.8 out of 5
A12: Genebre 115 In 1 Screwdriver Repairing Tool Set For IPhone Cellphone Hand Tool | B12: KSh 799 | C12: KSh 999 | D12: 0.2 | E12: -12 | F12: 4.1 out of 5
A13: 100 Pcs Crochet Hook Tool Set Knitting Hook Set With Box | B13: KSh 990 | C13: KSh 1,500 | D13: 0.34 | E13: -39 | F13: 4.7 out of 5
... A22: 3PCS Single Head Knitting Crochet Sweater Needle Set | B22: KSh 38 | C22: KSh 80 | D22: 0.53 | E22: -13 | F22: 3.3 out of 5
A23: 4pcs Bathroom/Kitchen Towel Rack,Roll Paper Holder,Towel Bars,Hook | B23: KSh 1,860 | C23: KSh 3,220 | D23: 0.42
A24: LED Romantic Spaceship Starry Sky Projector,Children's Bedroom Night Light-Blue | B24: KSh 880 | C24: KSh 1,350 | D24: 0.35 | E24: -6 | F24: 4 out of 5
A25: Foldable Overbed Table/Desk | B25: KSh 1,650 | C25: KSh 2,150 | D25: 0.23 | E25: -14 | F25: 4.4 out of 5
A26: LASA 3 Tier Bamboo Shoe Bench Storage Shelf | B26: KSh 2,048 | C26: KSh 4,500 | D26: 0.54 | E26: -7 | F26: 4.3 out of 5
A27: Electronic Digital Display Vernier Caliper | B27: KSh 420 | C27: KSh 647 | D27: 0.35 | E27: -49 | F27: 4.6 out of 5
A28: Portable Wardrobe Nonwoven With 3 Hanging Rods And 6 Storage Shelves | B28: KSh 2,880 | C28: KSh 3,520 | D28: 0.18 | E28: -12 | F28: 3.8 out of 5
A29: 12 Litre Black Insulated Lunch Box | B29: KSh 1,350 | C29: KSh 1,990 | D29: 0.32 | E29: -13 | F29: 3.8 out of 5
A30: 52 Pieces Cake Decorating Tool Set Gift Kit Baking Supplies | B30: KSh 1,758 | C30: KSh 2,499 | D30: 0.3 | E30: -20 | F30: 4.1 out of 5
A31: MultiFunctional Storage Rack Multi-layer Bookshelf | B31: KSh 2,200 | C31: KSh 4,080 | D31: 0.46
A32: Exfoliate And Exfoliate Face Towel - Black | B32: KSh 185 | C32: KSh 382 | D32: 0.52 | E32: -9 | F32: 4.3 out of 5
A33: 12 Litre Insulated Lunch Box Grey | B33: KSh 980 | C33: KSh 1,490 | D33: 0.34 | E33: -12 | F33: 4.7 out of 5
A34: LED Eye Protection Desk Lamp , Study, Reading, USB Fan - Double Pen Holder | B34: KSh 1,820 | C34: KSh 3,490 | D34: 0.48 | E34: -9 | F34: 4.3 out of 5
A35: 53Pcs/Set Yarn Knitting Crochet Hooks With Bag - Fortune Cat | B35: KSh 1,940 | C35: KSh 2,650 | D35: 0.27 | E35: -20 | F35: 4.7 out of 5
A36: 53 Pieces/Set Yarn Knitting Crochet Hooks With Bag - Pansies | B36: KSh 1,980 | C36: KSh 2,699 | D36: 0.27 | E36: -32 | F36: 4.5 out of 5
A37: DIY File Folder, Office Drawer File Holder, Pen Holder, Desktop Storage Rack | B37: KSh 1,620 | C37: KSh 2,690 | D37: 0.4 | E37: -1 | F37: 5 out of 5
A38: Classic Black Cat Cotton Hemp Pillow Case For Home Car | B38: KSh 171 | C38: KSh 360 | D38: 0.53 | E38: -2 | F38: 5 out of 5
A39: Punch-free Great Load Bearing Bathroom Storage Rack Wall Shelf-White | B39: KSh 389 | C39: KSh 656 | D39: 0.41 | E39: -36 | F39: 4.3 out of 5
A40: 1/2/3 Seater Elastic Sofa Cover,Living Room/Home Decor Chair Cover-Grey | B40: KSh 1,620 - KSh 1,980 | C40: KSh 2,200 - KSh 3,200 | D40: 0.38 | E40: -2 | F40: 4.5 out of 5
A41: LASA Stainless Steel Double Wall Mount Soap Dispenser - 500ml | B41: KSh 2,750 | C41: KSh 4,471 | D41: 0.38
A42: 4M Float Switch Water Level Controller -Water Tank | B42: KSh 475 | C42: KSh 931 | D42: 0.49
A43: Modern Sofa Throw Pillow Cover-45x45cm-Blue&Red | B43: KSh 238 | C43: KSh 476 | D43: 0.5
A44: Balloon Insert, Birthday Party Balloon Set, PU Leather | B44: KSh 610 | C44: KSh 1,060 | D44: 0.42
A45: Balloon Insert, Birthday Party Balloon Set, PU Leather | B45: KSh 610 | C45: KSh 1,060 | D45: 0.42
A46: Shower Cap Wide Elastic Band Cover Reusable Bashroom Cap | B46: KSh 2,132 | C46: KSh 2,169 | D46: 0.02
A47: Christmas Elk Fence Yard Lawn Decorations Cute For Holidays | B47: KSh 999 | C47: KSh 2,000 | D47: 0.5
A48: 60W Hot Melt Glue Sprayer - Efficient And Stable Glue Dispensing | B48: KSh 1,190 | C48: KSh 1,785 | D48: 0.33
A49: Car Phone Charging Stand | B49: KSh 671 | C49: KSh 1,316 | D49: 0.49
A50: 2pcs Solar Street Light Flood Light Outdoor | B50: KSh 1,200 | C50: KSh 1,950 | D50: 0.38
A51: Creative Owl Shape Keychain Black | B51: KSh 199 | C51: KSh 504 | D51: 0.61
A52: Brush & Paintbrush Cleaning Tool Pink | B52: KSh 299 | C52: KSh 600 | D52: 0.5
... A61: Simple Metal Dog Art Sculpture Decoration For Home Office | B61: KSh 399 | C61: KSh 896 | D61: 0.55
A62: 5 Pieces/set Of Stainless Steel Induction Cooker Pots | B62: KSh 2,170 | C62: KSh 2,500 | D62: 0.13 | E62: -6 | F62: 2.5 out of 5
A63: Mythco 120COB Solar Wall Ligt With Motion Sensor And Remote Control 3 Modes | B63: KSh 458 | C63: KSh 986 | D63: 0.54 | E63: -10 | F63: 3 out of 5
A64: 5-PCS Stainless Steel Cooking Pot Set With Steamed Slices | B64: KSh 2,115 | C64: KSh 4,700 | D64: 0.55 | E64: -13 | F64: 2.1 out of 5
A65: 120W Cordless Vacuum Cleaners Handheld Electric Vacuum Cleaner | B65: KSh 445 | C65: KSh 873 | D65: 0.49 | E65: -69 | F65: 2.8 out of 5
A66: Intelligent LED Body Sensor Wireless Lighting Night Light USB | B66: KSh 325 | C66: KSh 680 | D66: 0.52 | E66: -15 | F66: 2.7 out of 5
A67: VIC Wireless Vacuum Cleaner Dual Use For Home And Car 120W High Power Powerful | B67: KSh 1,220 | C67: KSh 1,555 | D67: 0.22 | E67: -16 | F67: 2.9 out of 5
A68: Artificial Potted Flowers Room Decorative Flowers (2 Pieces) | B68: KSh 990 | C68: KSh 1,814 | D68: 0.45 | E68: -6 | F68: 2.2 out of 5
A69: 380ML USB Rechargeable Portable Small Blenders And Juicers | B69: KSh 1,000 | C69: KSh 2,000 | D69: 0.5 | E69: -7 | F69: 2.3 out of 5
A70: 32PCS Portable Cordless Drill Set With Cyclic Battery Drive -26 Variable Speed | B70: KSh 3,750 | C70: KSh 6,143 | D70: 0.39 | E70: -5 | F70: 3 out of 5
A71: Agapeon Toothbrush Holder And Toothpaste Dispenser | B71: KSh 382 | C71: KSh 700 | D71: 0.45 | E71: -17 | F71: 2.6 out of 5
A72: Large Lazy Inflatable Sofa Chairs PVC Lounger Seat Bag | B72: KSh 2,300 | C72: KSh 3,240 | D72: 0.29 | E72: -5 | F72: 3 out of 5
A73: Watercolour Gold Foil Textured Print Pillow Cover | B73: KSh 345 | C73: KSh 602 | D73: 0.43 | E73: -6 | F73: 2.3 out of 5
... A76: Electric LED UV Mosquito Killer Lamp, Outdoor/Indoor Fly Killer Trap Light -USB | B76: KSh 1,570 | C76: KSh 2,988 | D76: 0.47 | E76: -7 | F76: 2.1 out of 5
A77: 2PCS/LOT Solar LED Outdoor Intelligent Light Controlled Wall Lamp | B77: KSh 790 | C77: KSh 1,485 | D77: 0.47
A78: 3PCS Rotary Scraper Thermomix For Kitchen | B78: KSh 690 | C78: KSh 1,200 | D78: 0.43
A79: Cushion Silicone Butt Cushion Summer Ice Cushion Honeycomb Gel Cushion | B79: KSh 1,732 | C79: KSh 1,799 | D79: 0.04
A80: 7PCS Silicone Thumb Knife Finger Protector Vegetable Harvesting Knife | B80: KSh 230 | C80: KSh 450 | D80: 0.49
A81: Memory Foam Neck Pillow Cover, With Pillow Core - 50*30cm | B81: KSh 1,189 | C81: KSh 2,199 | D81: 0.46 | E81: -1 | F81: 3 out of 5
A82: Bedroom Simple Floor Hanging Clothes Rack Single Pole Hat Rack - White | B82: KSh 979 | C82: KSh 1,920 | D82: 0.49 | E82: -1 | F82: 5 out of 5
A83: 5m Waterproof Spherical LED String Lights Outdoor Ball Chain Lights Party Lighting Decoration Adjustable | B83: KSh 1,460 | C83: KSh 2,290 | D83: 0.36
A84: 2 Pairs Cowhide Split Leather Work Gloves.32â„‰ Or Above Welding Gloves | B84: KSh 1,666 | C84: KSh 1,699 | D84: 0.02
A85: Household Pineapple Peeler Peeler | B85: KSh 330 | C85: KSh 647 | D85: 0.49 | E85: -1 | F85: 4 out of 5
A86: Balloon Insert, Birthday Party Balloon Set, PU Leather | B86: KSh 610 | C86: KSh 1,060 | D86: 0.42
A87: Creative Owl Shape Keychain Black | B87: KSh 176 | C87: KSh 345 | D87: 0.49
A88: Office Chair Lumbar Back Support Spine Posture Correction Pillow Car Cushion | B88: KSh 1,466 | C88: KSh 1,699 | D88: 0.14
A89: Cartoon Car Decoration Cute Individuality For Car Home Desk | B89: KSh 274 | C89: KSh 537 | D89: 0.49
A90: Outdoor Portable Water Bottle With Medicine Box - 600ML - Black | B90: KSh 799 | C90: KSh 900 | D90: 0.11
A91: Angle Measuring Tool Full Metal Multi Angle Measuring Tool | B91: KSh 657 | C91: KSh 1,288 | D91: 0.49
A92: Wall-Mounted Toothbrush Toothpaste Holder With Multiple Slots | B92: KSh 1,468 | C92: KSh 1,699 | D92: 0.14
A93: Multifunctional Hanging Storage Box Storage Bag (4 Layers) | B93: KSh 630 | C93: KSh 1,100 | D93: 0.43
A94: Wall Clock With Hidden Safe Box | B94: KSh 850 | C94: KSh 1,700 | D94: 0.5
A95: Portable Wine Table With Folding Round Table | B95: KSh 1,300 | C95: KSh 2,500 | D95: 0.48
A96: Sewing Machine Needle Threader Stitch Insertion Tool Automatic Quick Sewing | B96: KSh 105 | C96: KSh 200 | D96: 0.48
A97: 6 Layers Steel Pipe Assembling Dustproof Storage Shoe Cabinet | B97: KSh 899 | C97: KSh 1,699 | D97: 0.47
... A105: 8in1 Screwdriver With LED Light | B105: KSh 1,080 | C105: KSh 1,874 | D105: 0.42
A106: Konka Healty Electric Kettle, 24-hour Heat Preservation,1.5L,800W, White | B106: KSh 3,640 | C106: KSh 4,588 | D106: 0.21 | E106: -1 | F106: 5 out of 5
A107: 9pcs Gas Mask, For Painting, Dust, Formaldehyde Grinding, Polishing | B107: KSh 1,420 | C107: KSh 2,420 | D107: 0.41
A108: 24 Grid Wall-mounted Sundries Organiser Fabric Closet Bag Storage Rack | B108: KSh 1,875 | C108: KSh 1,899 | D108: 0.01
A109: 1PC Refrigerator Food Seal Pocket Fridge Bags | B109: KSh 198 | C109: KSh 260 | D109: 0.24
A110: LED Solar Street Light-fake Camera | B110: KSh 1,150 | C110: KSh 1,737 | D110: 0.34
A111: Cartoon Embroidered Mini Towel Bear Cotton Wash Cloth Hand 4pcs | B111: KSh 1,190 | C111: KSh 1,810 | D111: 0.34
A112: Shower Nozzle Cleaning Unclogging Needle Mini Crevice Small Hole Cleaning Brush | B112: KSh 1,658 | C112: KSh 1,699 | D112: 0.02
A113: Thickening Multipurpose Non Stick Easy To Clean Heat Resistant Spoon Pad | B113: KSh 1,768 | C113: KSh 1,799 | D113: 0.02
A114: 6 In 1 Bottle Can Opener Multifunctional Easy Opener | B114: KSh 199 | C114: KSh 553 | D114: 0.64
A115: Wall-mounted Sticker Punch-free Plug Fixer | B115: KSh 450 | C115: KSh 900 | D115: 0.5 | E115: -1 | F115: 2 out of 5
A116: Black Simple Water Cup Wine Coaster Anti Slip Absorbent | B116: KSh 169 | C116: KSh 320 | D116: 0.47

Sheet CLEANED
A1: Product | B1: Current price | C1: Old price | D1: Discount Price | E1: Discount | F1: Discount category | G1: Review | H1: Ratingd | I1: Rating Category | J1: Price Category
A2: 115 Piece Set Of Multifunctional Precision Screwdrivers | B2: 950 | C2: 1525 | D2: =C2-B2 -> 575 | E2: 0.38 | F2: =IF(E2<20%,"LOW DISCOUNT",IF(E2<40%,"MEDIUM DISCOUNT","HIGH DISCOUNT")) -> MEDIUM DISCOUNT | G2: 2 | H2: 4.5 | I2: =IF(ISBLANK(H2),"NOT PROVIDED",IF(H2<3,"POOR",IF(H2<4.5,"AVERAGE","EXCELLENT"))) -> EXCELLENT | J2: =IF(B2<1000,"LOW PRICE",IF(B2<2000,"MEDIUM PRICE","HIGH PRICE")) -> LOW PRICE
A3: Metal Decorative Hooks Key Hangers Entryway Wall Hooks Towel Hooks - Home | B3: 527 | C3: 999 | D3: =C3-B3 -> 472 | E3: 0.47 | F3: =IF(E3<20%,"LOW DISCOUNT",IF(E3<40%,"MEDIUM DISCOUNT","HIGH DISCOUNT")) -> HIGH DISCOUNT | G3: 14 | H3: 4.1 | I3: =IF(ISBLANK(H3),"NOT PROVIDED",IF(H3<3,"POOR",IF(H3<4.5,"AVERAGE","EXCELLENT"))) -> AVERAGE | J3: =IF(B3<1000,"LOW PRICE",IF(B3<2000,"MEDIUM PRICE","HIGH PRICE")) -> LOW PRICE
A4: Portable Mini Cordless Car Vacuum Cleaner - Blue | B4: 2199 | C4: 2923 | D4: =C4-B4 -> 724 | E4: 0.25 | F4: =IF(E4<20%,"LOW DISCOUNT",IF(E4<40%,"MEDIUM DISCOUNT","HIGH DISCOUNT")) -> MEDIUM DISCOUNT | G4: 24 | H4: 4.6 | I4: =IF(ISBLANK(H4),"NOT PROVIDED",IF(H4<3,"POOR",IF(H4<4.5,"AVERAGE","EXCELLENT"))) -> EXCELLENT | J4: =IF(B4<1000,"LOW PRICE",IF(B4<2000,"MEDIUM PRICE","HIGH PRICE")) -> HIGH PRICE
A5: Weighing Scale Digital Bathroom Body Fat Scale USB-Black | B5: 1580 | C5: 2499 | D5: =C5-B5 -> 919 | E5: 0.37 | F5: =IF(E5<20%,"LOW DISCOUNT",IF(E5<40%,"MEDIUM DISCOUNT","HIGH DISCOUNT")) -> MEDIUM DISCOUNT | G5: 7 | H5: 4.7 | I5: =IF(ISBLANK(H5),"NOT PROVIDED",IF(H5<3,"POOR",IF(H5<4.5,"AVERAGE","EXCELLENT"))) -> EXCELLENT | J5: =IF(B5<1000,"LOW PRICE",IF(B5<2000,"MEDIUM PRICE","HIGH PRICE")) -> MEDIUM PRICE
A6: Portable Home Small Air Humidifier 3-Speed Fan - Green | B6: 1740 | C6: 2356 | D6: =C6-B6 -> 616 | E6: 0.26 | F6: =IF(E6<20%,"LOW DISCOUNT",IF(E6<40%,"MEDIUM DISCOUNT","HIGH DISCOUNT")) -> MEDIUM DISCOUNT | G6: 5 | H6: 4.8 | I6: =IF(ISBLANK(H6),"NOT PROVIDED",IF(H6<3,"POOR",IF(H6<4.5,"AVERAGE","EXCELLENT"))) -> EXCELLENT | J6: =IF(B6<1000,"LOW PRICE",IF(B6<2000,"MEDIUM PRICE","HIGH PRICE")) -> MEDIUM PRICE
A7: 220V 60W Electric Soldering Iron Kits With Tools, Tips, And Multimeter | B7: 2999 | C7: 3290 | D7: =C7-B7 -> 291 | E7: 0.09 | F7: =IF(E7<20%,"LOW DISCOUNT",IF(E7<40%,"MEDIUM DISCOUNT","HIGH DISCOUNT")) -> LOW DISCOUNT | G7: 15 | H7: 4 | I7: =IF(ISBLANK(H7),"NOT PROVIDED",IF(H7<3,"POOR",IF(H7<4.5,"AVERAGE","EXCELLENT"))) -> AVERAGE | J7: =IF(B7<1000,"LOW PRICE",IF(B7<2000,"MEDIUM PRICE","HIGH PRICE")) -> HIGH PRICE
A8: 137 Pieces Cake Decorating Tool Set Baking Supplies | B8: 2319 | C8: 3032 | D8: =C8-B8 -> 713 | E8: 0.24 | F8: =IF(E8<20%,"LOW DISCOUNT",IF(E8<40%,"MEDIUM DISCOUNT","HIGH DISCOUNT")) -> MEDIUM DISCOUNT | G8: 55 | H8: 4.6 | I8: =IF(ISBLANK(H8),"NOT PROVIDED",IF(H8<3,"POOR",IF(H8<4.5,"AVERAGE","EXCELLENT"))) -> EXCELLENT | J8: =IF(B8<1000,"LOW PRICE",IF(B8<2000,"MEDIUM PRICE","HIGH PRICE")) -> HIGH PRICE
A9: Desk Foldable Fan Adjustable Fan Strong Wind 3 Gear Usb | B9: 988 | C9: 1580 | D9: =C9-B9 -> 592 | E9: 0.37 | F9: =IF(E9<20%,"LOW DISCOUNT",IF(E9<40%,"MEDIUM DISCOUNT","HIGH DISCOUNT")) -> MEDIUM DISCOUNT | G9: 2 | H9: 4 | I9: =IF(ISBLANK(H9),"NOT PROVIDED",IF(H9<3,"POOR",IF(H9<4.5,"AVERAGE","EXCELLENT"))) -> AVERAGE | J9: =IF(B9<1000,"LOW PRICE",IF(B9<2000,"MEDIUM PRICE","HIGH PRICE")) -> LOW PRICE
A10: LASA FOLDING TABLE SERVING STAND | B10: 1274 | C10: 2800 | D10: =C10-B10 -> 1526 | E10: 0.55 | F10: =IF(E10<20%,"LOW DISCOUNT",IF(E10<40%,"MEDIUM DISCOUNT","HIGH DISCOUNT")) -> HIGH DISCOUNT | G10: 5 | H10: 4.8 | I10: =IF(ISBLANK(H10),"NOT PROVIDED",IF(H10<3,"POOR",IF(H10<4.5,"AVERAGE","EXCELLENT"))) -> EXCELLENT | J10: =IF(B10<1000,"LOW PRICE",IF(B10<2000,"MEDIUM PRICE","HIGH PRICE")) -> MEDIUM PRICE
A11: 13 In 1 Home Repair Tools Box Kit Set | B11: 1600 | C11: 2929 | D11: =C11-B11 -> 1329 | E11: 0.45 | F11: =IF(E11<20%,"LOW DISCOUNT",IF(E11<40%,"MEDIUM DISCOUNT","HIGH DISCOUNT")) -> HIGH DISCOUNT | G11: 5 | H11: 3.8 | I11: =IF(ISBLANK(H11),"NOT PROVIDED",IF(H11<3,"POOR",IF(H11<4.5,"AVERAGE","EXCELLENT"))) -> AVERAGE | J11: =IF(B11<1000,"LOW PRICE",IF(B11<2000,"MEDIUM PRICE","HIGH PRICE")) -> MEDIUM PRICE
A12: Genebre 115 In 1 Screwdriver Repairing Tool Set For IPhone Cellphone Hand Tool | B12: 799 | C12: 999 | D12: =C12-B12 -> 200 | E12: 0.2 | F12: =IF(E12<20%,"LOW DISCOUNT",IF(E12<40%,"MEDIUM DISCOUNT","HIGH DISCOUNT")) -> MEDIUM DISCOUNT | G12: 12 | H12: 4.1 | I12: =IF(ISBLANK(H12),"NOT PROVIDED",IF(H12<3,"POOR",IF(H12<4.5,"AVERAGE","EXCELLENT"))) -> AVERAGE | J12: =IF(B12<1000,"LOW PRICE",IF(B12<2000,"MEDIUM PRICE","HIGH PRICE")) -> LOW PRICE
A13: 100 Pcs Crochet Hook Tool Set Knitting Hook Set With Box | B13: 990 | C13: 1500 | D13: =C13-B13 -> 510 | E13: 0.34 | F13: =IF(E13<20%,"LOW DISCOUNT",IF(E13<40%,"MEDIUM DISCOUNT","HIGH DISCOUNT")) -> MEDIUM DISCOUNT | G13: 39 | H13: 4.7 | I13: =IF(ISBLANK(H13),"NOT PROVIDED",IF(H13<3,"POOR",IF(H13<4.5,"AVERAGE","EXCELLENT"))) -> EXCELLENT | J13: =IF(B13<1000,"LOW PRICE",IF(B13<2000,"MEDIUM PRICE","HIGH PRICE")) -> LOW PRICE
... A22: 3PCS Single Head Knitting Crochet Sweater Needle Set | B22: 38 | C22: 80 | D22: =C22-B22 -> 42 | E22: 0.53 | F22: =IF(E22<20%,"LOW DISCOUNT",IF(E22<40%,"MEDIUM DISCOUNT","HIGH DISCOUNT")) -> HIGH DISCOUNT | G22: 13 | H22: 3.3 | I22: =IF(ISBLANK(H22),"NOT PROVIDED",IF(H22<3,"POOR",IF(H22<4.5,"AVERAGE","EXCELLENT"))) -> AVERAGE | J22: =IF(B22<1000,"LOW PRICE",IF(B22<2000,"MEDIUM PRICE","HIGH PRICE")) -> LOW PRICE
A23: 4pcs Bathroom/Kitchen Towel Rack,Roll Paper Holder,Towel Bars,Hook | B23: 1860 | C23: 3220 | D23: =C23-B23 -> 1360 | E23: 0.42 | F23: =IF(E23<20%,"LOW DISCOUNT",IF(E23<40%,"MEDIUM DISCOUNT","HIGH DISCOUNT")) -> HIGH DISCOUNT | I23: =IF(ISBLANK(H23),"NOT PROVIDED",IF(H23<3,"POOR",IF(H23<4.5,"AVERAGE","EXCELLENT"))) -> NOT PROVIDED | J23: =IF(B23<1000,"LOW PRICE",IF(B23<2000,"MEDIUM PRICE","HIGH PRICE")) -> MEDIUM PRICE
A24: LED Romantic Spaceship Starry Sky Projector,Children's Bedroom Night Light-Blue | B24: 880 | C24: 1350 | D24: =C24-B24 -> 470 | E24: 0.35 | F24: =IF(E24<20%,"LOW DISCOUNT",IF(E24<40%,"MEDIUM DISCOUNT","HIGH DISCOUNT")) -> MEDIUM DISCOUNT | G24: 6 | H24: 4 | I24: =IF(ISBLANK(H24),"NOT PROVIDED",IF(H24<3,"POOR",IF(H24<4.5,"AVERAGE","EXCELLENT"))) -> AVERAGE | J24: =IF(B24<1000,"LOW PRICE",IF(B24<2000,"MEDIUM PRICE","HIGH PRICE")) -> LOW PRICE
A25: Foldable Overbed Table/Desk | B25: 1650 | C25: 2150 | D25: =C25-B25 -> 500 | E25: 0.23 | F25: =IF(E25<20%,"LOW DISCOUNT",IF(E25<40%,"MEDIUM DISCOUNT","HIGH DISCOUNT")) -> MEDIUM DISCOUNT | G25: 14 | H25: 4.4 | I25: =IF(ISBLANK(H25),"NOT PROVIDED",IF(H25<3,"POOR",IF(H25<4.5,"AVERAGE","EXCELLENT"))) -> AVERAGE | J25: =IF(B25<1000,"LOW PRICE",IF(B25<2000,"MEDIUM PRICE","HIGH PRICE")) -> MEDIUM PRICE
A26: LASA 3 Tier Bamboo Shoe Bench Storage Shelf | B26: 2048 | C26: 4500 | D26: =C26-B26 -> 2452 | E26: 0.54 | F26: =IF(E26<20%,"LOW DISCOUNT",IF(E26<40%,"MEDIUM DISCOUNT","HIGH DISCOUNT")) -> HIGH DISCOUNT | G26: 7 | H26: 4.3 | I26: =IF(ISBLANK(H26),"NOT PROVIDED",IF(H26<3,"POOR",IF(H26<4.5,"AVERAGE","EXCELLENT"))) -> AVERAGE | J26: =IF(B26<1000,"LOW PRICE",IF(B26<2000,"MEDIUM PRICE","HIGH PRICE")) -> HIGH PRICE
A27: Electronic Digital Display Vernier Caliper | B27: 420 | C27: 647 | D27: =C27-B27 -> 227 | E27: 0.35 | F27: =IF(E27<20%,"LOW DISCOUNT",IF(E27<40%,"MEDIUM DISCOUNT","HIGH DISCOUNT")) -> MEDIUM DISCOUNT | G27: 49 | H27: 4.6 | I27: =IF(ISBLANK(H27),"NOT PROVIDED",IF(H27<3,"POOR",IF(H27<4.5,"AVERAGE","EXCELLENT"))) -> EXCELLENT | J27: =IF(B27<1000,"LOW PRICE",IF(B27<2000,"MEDIUM PRICE","HIGH PRICE")) -> LOW PRICE
A28: Portable Wardrobe Nonwoven With 3 Hanging Rods And 6 Storage Shelves | B28: 2880 | C28: 3520 | D28: =C28-B28 -> 640 | E28: 0.18 | F28: =IF(E28<20%,"LOW DISCOUNT",IF(E28<40%,"MEDIUM DISCOUNT","HIGH DISCOUNT")) -> LOW DISCOUNT | G28: 12 | H28: 3.8 | I28: =IF(ISBLANK(H28),"NOT PROVIDED",IF(H28<3,"POOR",IF(H28<4.5,"AVERAGE","EXCELLENT"))) -> AVERAGE | J28: =IF(B28<1000,"LOW PRICE",IF(B28<2000,"MEDIUM PRICE","HIGH PRICE")) -> HIGH PRICE
A29: 12 Litre Black Insulated Lunch Box | B29: 1350 | C29: 1990 | D29: =C29-B29 -> 640 | E29: 0.32 | F29: =IF(E29<20%,"LOW DISCOUNT",IF(E29<40%,"MEDIUM DISCOUNT","HIGH DISCOUNT")) -> MEDIUM DISCOUNT | G29: 13 | H29: 3.8 | I29: =IF(ISBLANK(H29),"NOT PROVIDED",IF(H29<3,"POOR",IF(H29<4.5,"AVERAGE","EXCELLENT"))) -> AVERAGE | J29: =IF(B29<1000,"LOW PRICE",IF(B29<2000,"MEDIUM PRICE","HIGH PRICE")) -> MEDIUM PRICE
A30: 52 Pieces Cake Decorating Tool Set Gift Kit Baking Supplies | B30: 1758 | C30: 2499 | D30: =C30-B30 -> 741 | E30: 0.3 | F30: =IF(E30<20%,"LOW DISCOUNT",IF(E30<40%,"MEDIUM DISCOUNT","HIGH DISCOUNT")) -> MEDIUM DISCOUNT | G30: 20 | H30: 4.1 | I30: =IF(ISBLANK(H30),"NOT PROVIDED",IF(H30<3,"POOR",IF(H30<4.5,"AVERAGE","EXCELLENT"))) -> AVERAGE | J30: =IF(B30<1000,"LOW PRICE",IF(B30<2000,"MEDIUM PRICE","HIGH PRICE")) -> MEDIUM PRICE
A31: MultiFunctional Storage Rack Multi-layer Bookshelf | B31: 2200 | C31: 4080 | D31: =C31-B31 -> 1880 | E31: 0.46 | F31: =IF(E31<20%,"LOW DISCOUNT",IF(E31<40%,"MEDIUM DISCOUNT","HIGH DISCOUNT")) -> HIGH DISCOUNT | I31: =IF(ISBLANK(H31),"NOT PROVIDED",IF(H31<3,"POOR",IF(H31<4.5,"AVERAGE","EXCELLENT"))) -> NOT PROVIDED | J31: =IF(B31<1000,"LOW PRICE",IF(B31<2000,"MEDIUM PRICE","HIGH PRICE")) -> HIGH PRICE
A32: Exfoliate And Exfoliate Face Towel - Black | B32: 185 | C32: 382 | D32: =C32-B32 -> 197 | E32: 0.52 | F32: =IF(E32<20%,"LOW DISCOUNT",IF(E32<40%,"MEDIUM DISCOUNT","HIGH DISCOUNT")) -> HIGH DISCOUNT | G32: 9 | H32: 4.3 | I32: =IF(ISBLANK(H32),"NOT PROVIDED",IF(H32<3,"POOR",IF(H32<4.5,"AVERAGE","EXCELLENT"))) -> AVERAGE | J32: =IF(B32<1000,"LOW PRICE",IF(B32<2000,"MEDIUM PRICE","HIGH PRICE")) -> LOW PRICE
A33: 12 Litre Insulated Lunch Box Grey | B33: 980 | C33: 1490 | D33: =C33-B33 -> 510 | E33: 0.34 | F33: =IF(E33<20%,"LOW DISCOUNT",IF(E33<40%,"MEDIUM DISCOUNT","HIGH DISCOUNT")) -> MEDIUM DISCOUNT | G33: 12 | H33: 4.7 | I33: =IF(ISBLANK(H33),"NOT PROVIDED",IF(H33<3,"POOR",IF(H33<4.5,"AVERAGE","EXCELLENT"))) -> EXCELLENT | J33: =IF(B33<1000,"LOW PRICE",IF(B33<2000,"MEDIUM PRICE","HIGH PRICE")) -> LOW PRICE
A34: LED Eye Protection Desk Lamp , Study, Reading, USB Fan - Double Pen Holder | B34: 1820 | C34: 3490 | D34: =C34-B34 -> 1670 | E34: 0.48 | F34: =IF(E34<20%,"LOW DISCOUNT",IF(E34<40%,"MEDIUM DISCOUNT","HIGH DISCOUNT")) -> HIGH DISCOUNT | G34: 9 | H34: 4.3 | I34: =IF(ISBLANK(H34),"NOT PROVIDED",IF(H34<3,"POOR",IF(H34<4.5,"AVERAGE","EXCELLENT"))) -> AVERAGE | J34: =IF(B34<1000,"LOW PRICE",IF(B34<2000,"MEDIUM PRICE","HIGH PRICE")) -> MEDIUM PRICE
A35: 53Pcs/Set Yarn Knitting Crochet Hooks With Bag - Fortune Cat | B35: 1940 | C35: 2650 | D35: =C35-B35 -> 710 | E35: 0.27 | F35: =IF(E35<20%,"LOW DISCOUNT",IF(E35<40%,"MEDIUM DISCOUNT","HIGH DISCOUNT")) -> MEDIUM DISCOUNT | G35: 20 | H35: 4.7 | I35: =IF(ISBLANK(H35),"NOT PROVIDED",IF(H35<3,"POOR",IF(H35<4.5,"AVERAGE","EXCELLENT"))) -> EXCELLENT | J35: =IF(B35<1000,"LOW PRICE",IF(B35<2000,"MEDIUM PRICE","HIGH PRICE")) -> MEDIUM PRICE
A36: 53 Pieces/Set Yarn Knitting Crochet Hooks With Bag - Pansies | B36: 1980 | C36: 2699 | D36: =C36-B36 -> 719 | E36: 0.27 | F36: =IF(E36<20%,"LOW DISCOUNT",IF(E36<40%,"MEDIUM DISCOUNT","HIGH DISCOUNT")) -> MEDIUM DISCOUNT | G36: 32 | H36: 4.5 | I36: =IF(ISBLANK(H36),"NOT PROVIDED",IF(H36<3,"POOR",IF(H36<4.5,"AVERAGE","EXCELLENT"))) -> EXCELLENT | J36: =IF(B36<1000,"LOW PRICE",IF(B36<2000,"MEDIUM PRICE","HIGH PRICE")) -> MEDIUM PRICE
A37: DIY File Folder, Office Drawer File Holder, Pen Holder, Desktop Storage Rack | B37: 1620 | C37: 2690 | D37: =C37-B37 -> 1070 | E37: 0.4 | F37: =IF(E37<20%,"LOW DISCOUNT",IF(E37<40%,"MEDIUM DISCOUNT","HIGH DISCOUNT")) -> HIGH DISCOUNT | G37: 1 | H37: 5 | I37: =IF(ISBLANK(H37),"NOT PROVIDED",IF(H37<3,"POOR",IF(H37<4.5,"AVERAGE","EXCELLENT"))) -> EXCELLENT | J37: =IF(B37<1000,"LOW PRICE",IF(B37<2000,"MEDIUM PRICE","HIGH PRICE")) -> MEDIUM PRICE
A38: Classic Black Cat Cotton Hemp Pillow Case For Home Car | B38: 171 | C38: 360 | D38: =C38-B38 -> 189 | E38: 0.53 | F38: =IF(E38<20%,"LOW DISCOUNT",IF(E38<40%,"MEDIUM DISCOUNT","HIGH DISCOUNT")) -> HIGH DISCOUNT | G38: 2 | H38: 5 | I38: =IF(ISBLANK(H38),"NOT PROVIDED",IF(H38<3,"POOR",IF(H38<4.5,"AVERAGE","EXCELLENT"))) -> EXCELLENT | J38: =IF(B38<1000,"LOW PRICE",IF(B38<2000,"MEDIUM PRICE","HIGH PRICE")) -> LOW PRICE
A39: Punch-free Great Load Bearing Bathroom Storage Rack Wall Shelf-White | B39: 389 | C39: 656 | D39: =C39-B39 -> 267 | E39: 0.41 | F39: =IF(E39<20%,"LOW DISCOUNT",IF(E39<40%,"MEDIUM DISCOUNT","HIGH DISCOUNT")) -> HIGH DISCOUNT | G39: 36 | H39: 4.3 | I39: =IF(ISBLANK(H39),"NOT PROVIDED",IF(H39<3,"POOR",IF(H39<4.5,"AVERAGE","EXCELLENT"))) -> AVERAGE | J39: =IF(B39<1000,"LOW PRICE",IF(B39<2000,"MEDIUM PRICE","HIGH PRICE")) -> LOW PRICE
A40: 1/2/3 Seater Elastic Sofa Cover,Living Room | B40: 1620 | C40: 2200 | D40: =C40-B40 -> 580 | E40: 0.26 | F40: =IF(E40<20%,"LOW DISCOUNT",IF(E40<40%,"MEDIUM DISCOUNT","HIGH DISCOUNT")) -> MEDIUM DISCOUNT | G40: 2 | H40: 4.5 | I40: =IF(ISBLANK(H40),"NOT PROVIDED",IF(H40<3,"POOR",IF(H40<4.5,"AVERAGE","EXCELLENT"))) -> EXCELLENT | J40: =IF(B40<1000,"LOW PRICE",IF(B40<2000,"MEDIUM PRICE","HIGH PRICE")) -> MEDIUM PRICE
A41: Home Decor Chair Cover-Grey | B41: 1980 | C41: 3200 | D41: =C41-B41 -> 1220 | E41: 0.38 | F41: =IF(E41<20%,"LOW DISCOUNT",IF(E41<40%,"MEDIUM DISCOUNT","HIGH DISCOUNT")) -> MEDIUM DISCOUNT | I41: =IF(ISBLANK(H41),"NOT PROVIDED",IF(H41<3,"POOR",IF(H41<4.5,"AVERAGE","EXCELLENT"))) -> NOT PROVIDED | J41: =IF(B41<1000,"LOW PRICE",IF(B41<2000,"MEDIUM PRICE","HIGH PRICE")) -> MEDIUM PRICE
A42: LASA Stainless Steel Double Wall Mount Soap Dispenser - 500ml | B42: 2750 | C42: 4471 | D42: =C42-B42 -> 1721 | E42: 0.38 | F42: =IF(E42<20%,"LOW DISCOUNT",IF(E42<40%,"MEDIUM DISCOUNT","HIGH DISCOUNT")) -> MEDIUM DISCOUNT | I42: =IF(ISBLANK(H42),"NOT PROVIDED",IF(H42<3,"POOR",IF(H42<4.5,"AVERAGE","EXCELLENT"))) -> NOT PROVIDED | J42: =IF(B42<1000,"LOW PRICE",IF(B42<2000,"MEDIUM PRICE","HIGH PRICE")) -> HIGH PRICE
A43: 4M Float Switch Water Level Controller -Water Tank | B43: 475 | C43: 931 | D43: =C43-B43 -> 456 | E43: 0.49 | F43: =IF(E43<20%,"LOW DISCOUNT",IF(E43<40%,"MEDIUM DISCOUNT","HIGH DISCOUNT")) -> HIGH DISCOUNT | I43: =IF(ISBLANK(H43),"NOT PROVIDED",IF(H43<3,"POOR",IF(H43<4.5,"AVERAGE","EXCELLENT"))) -> NOT PROVIDED | J43: =IF(B43<1000,"LOW PRICE",IF(B43<2000,"MEDIUM PRICE","HIGH PRICE")) -> LOW PRICE
A44: Modern Sofa Throw Pillow Cover-45x45cm-Blue&Red | B44: 238 | C44: 476 | D44: =C44-B44 -> 238 | E44: 0.5 | F44: =IF(E44<20%,"LOW DISCOUNT",IF(E44<40%,"MEDIUM DISCOUNT","HIGH DISCOUNT")) -> HIGH DISCOUNT | I44: =IF(ISBLANK(H44),"NOT PROVIDED",IF(H44<3,"POOR",IF(H44<4.5,"AVERAGE","EXCELLENT"))) -> NOT PROVIDED | J44: =IF(B44<1000,"LOW PRICE",IF(B44<2000,"MEDIUM PRICE","HIGH PRICE")) -> LOW PRICE
A45: Balloon Insert, Birthday Party Balloon Set, PU Leather | B45: 610 | C45: 1060 | D45: =C45-B45 -> 450 | E45: 0.42 | F45: =IF(E45<20%,"LOW DISCOUNT",IF(E45<40%,"MEDIUM DISCOUNT","HIGH DISCOUNT")) -> HIGH DISCOUNT | I45: =IF(ISBLANK(H45),"NOT PROVIDED",IF(H45<3,"POOR",IF(H45<4.5,"AVERAGE","EXCELLENT"))) -> NOT PROVIDED | J45: =IF(B45<1000,"LOW PRICE",IF(B45<2000,"MEDIUM PRICE","HIGH PRICE")) -> LOW PRICE
A46: Shower Cap Wide Elastic Band Cover Reusable Bashroom Cap | B46: 2132 | C46: 2169 | D46: =C46-B46 -> 37 | E46: 0.02 | F46: =IF(E46<20%,"LOW DISCOUNT",IF(E46<40%,"MEDIUM DISCOUNT","HIGH DISCOUNT")) -> LOW DISCOUNT | I46: =IF(ISBLANK(H46),"NOT PROVIDED",IF(H46<3,"POOR",IF(H46<4.5,"AVERAGE","EXCELLENT"))) -> NOT PROVIDED | J46: =IF(B46<1000,"LOW PRICE",IF(B46<2000,"MEDIUM PRICE","HIGH PRICE")) -> HIGH PRICE
A47: Christmas Elk Fence Yard Lawn Decorations Cute For Holidays | B47: 999 | C47: 2000 | D47: =C47-B47 -> 1001 | E47: 0.5 | F47: =IF(E47<20%,"LOW DISCOUNT",IF(E47<40%,"MEDIUM DISCOUNT","HIGH DISCOUNT")) -> HIGH DISCOUNT | I47: =IF(ISBLANK(H47),"NOT PROVIDED",IF(H47<3,"POOR",IF(H47<4.5,"AVERAGE","EXCELLENT"))) -> NOT PROVIDED | J47: =IF(B47<1000,"LOW PRICE",IF(B47<2000,"MEDIUM PRICE","HIGH PRICE")) -> LOW PRICE
A48: 60W Hot Melt Glue Sprayer - Efficient And Stable Glue Dispensing | B48: 1190 | C48: 1785 | D48: =C48-B48 -> 595 | E48: 0.33 | F48: =IF(E48<20%,"LOW DISCOUNT",IF(E48<40%,"MEDIUM DISCOUNT","HIGH DISCOUNT")) -> MEDIUM DISCOUNT | I48: =IF(ISBLANK(H48),"NOT PROVIDED",IF(H48<3,"POOR",IF(H48<4.5,"AVERAGE","EXCELLENT"))) -> NOT PROVIDED | J48: =IF(B48<1000,"LOW PRICE",IF(B48<2000,"MEDIUM PRICE","HIGH PRICE")) -> MEDIUM PRICE
A49: Car Phone Charging Stand | B49: 671 | C49: 1316 | D49: =C49-B49 -> 645 | E49: 0.49 | F49: =IF(E49<20%,"LOW DISCOUNT",IF(E49<40%,"MEDIUM DISCOUNT","HIGH DISCOUNT")) -> HIGH DISCOUNT | I49: =IF(ISBLANK(H49),"NOT PROVIDED",IF(H49<3,"POOR",IF(H49<4.5,"AVERAGE","EXCELLENT"))) -> NOT PROVIDED | J49: =IF(B49<1000,"LOW PRICE",IF(B49<2000,"MEDIUM PRICE","HIGH PRICE")) -> LOW PRICE
A50: 2pcs Solar Street Light Flood Light Outdoor | B50: 1200 | C50: 1950 | D50: =C50-B50 -> 750 | E50: 0.38 | F50: =IF(E50<20%,"LOW DISCOUNT",IF(E50<40%,"MEDIUM DISCOUNT","HIGH DISCOUNT")) -> MEDIUM DISCOUNT | I50: =IF(ISBLANK(H50),"NOT PROVIDED",IF(H50<3,"POOR",IF(H50<4.5,"AVERAGE","EXCELLENT"))) -> NOT PROVIDED | J50: =IF(B50<1000,"LOW PRICE",IF(B50<2000,"MEDIUM PRICE","HIGH PRICE")) -> MEDIUM PRICE
A51: Creative Owl Shape Keychain Black | B51: 199 | C51: 504 | D51: =C51-B51 -> 305 | E51: 0.61 | F51: =IF(E51<20%,"LOW DISCOUNT",IF(E51<40%,"MEDIUM DISCOUNT","HIGH DISCOUNT")) -> HIGH DISCOUNT | I51: =IF(ISBLANK(H51),"NOT PROVIDED",IF(H51<3,"POOR",IF(H51<4.5,"AVERAGE","EXCELLENT"))) -> NOT PROVIDED | J51: =IF(B51<1000,"LOW PRICE",IF(B51<2000,"MEDIUM PRICE","HIGH PRICE")) -> LOW PRICE
A52: Brush & Paintbrush Cleaning Tool Pink | B52: 299 | C52: 600 | D52: =C52-B52 -> 301 | E52: 0.5 | F52: =IF(E52<20%,"LOW DISCOUNT",IF(E52<40%,"MEDIUM DISCOUNT","HIGH DISCOUNT")) -> HIGH DISCOUNT | I52: =IF(ISBLANK(H52),"NOT PROVIDED",IF(H52<3,"POOR",IF(H52<4.5,"AVERAGE","EXCELLENT"))) -> NOT PROVIDED | J52: =IF(B52<1000,"LOW PRICE",IF(B52<2000,"MEDIUM PRICE","HIGH PRICE")) -> LOW PRICE
... A61: Simple Metal Dog Art Sculpture Decoration For Home Office | B61: 399 | C61: 896 | D61: =C61-B61 -> 497 | E61: 0.55 | F61: =IF(E61<20%,"LOW DISCOUNT",IF(E61<40%,"MEDIUM DISCOUNT","HIGH DISCOUNT")) -> HIGH DISCOUNT | I61: =IF(ISBLANK(H61),"NOT PROVIDED",IF(H61<3,"POOR",IF(H61<4.5,"AVERAGE","EXCELLENT"))) -> NOT PROVIDED | J61: =IF(B61<1000,"LOW PRICE",IF(B61<2000,"MEDIUM PRICE","HIGH PRICE")) -> LOW PRICE
A62: 5 Pieces/set Of Stainless Steel Induction Cooker Pots | B62: 2170 | C62: 2500 | D62: =C62-B62 -> 330 | E62: 0.13 | F62: =IF(E62<20%,"LOW DISCOUNT",IF(E62<40%,"MEDIUM DISCOUNT","HIGH DISCOUNT")) -> LOW DISCOUNT | G62: 6 | H62: 2.5 | I62: =IF(ISBLANK(H62),"NOT PROVIDED",IF(H62<3,"POOR",IF(H62<4.5,"AVERAGE","EXCELLENT"))) -> POOR | J62: =IF(B62<1000,"LOW PRICE",IF(B62<2000,"MEDIUM PRICE","HIGH PRICE")) -> HIGH PRICE
A63: Mythco 120COB Solar Wall Ligt With Motion Sensor And Remote Control 3 Modes | B63: 458 | C63: 986 | D63: =C63-B63 -> 528 | E63: 0.54 | F63: =IF(E63<20%,"LOW DISCOUNT",IF(E63<40%,"MEDIUM DISCOUNT","HIGH DISCOUNT")) -> HIGH DISCOUNT | G63: 10 | H63: 3 | I63: =IF(ISBLANK(H63),"NOT PROVIDED",IF(H63<3,"POOR",IF(H63<4.5,"AVERAGE","EXCELLENT"))) -> AVERAGE | J63: =IF(B63<1000,"LOW PRICE",IF(B63<2000,"MEDIUM PRICE","HIGH PRICE")) -> LOW PRICE
A64: 5-PCS Stainless Steel Cooking Pot Set With Steamed Slices | B64: 2115 | C64: 4700 | D64: =C64-B64 -> 2585 | E64: 0.55 | F64: =IF(E64<20%,"LOW DISCOUNT",IF(E64<40%,"MEDIUM DISCOUNT","HIGH DISCOUNT")) -> HIGH DISCOUNT | G64: 13 | H64: 2.1 | I64: =IF(ISBLANK(H64),"NOT PROVIDED",IF(H64<3,"POOR",IF(H64<4.5,"AVERAGE","EXCELLENT"))) -> POOR | J64: =IF(B64<1000,"LOW PRICE",IF(B64<2000,"MEDIUM PRICE","HIGH PRICE")) -> HIGH PRICE
A65: 120W Cordless Vacuum Cleaners Handheld Electric Vacuum Cleaner | B65: 445 | C65: 873 | D65: =C65-B65 -> 428 | E65: 0.49 | F65: =IF(E65<20%,"LOW DISCOUNT",IF(E65<40%,"MEDIUM DISCOUNT","HIGH DISCOUNT")) -> HIGH DISCOUNT | G65: 69 | H65: 2.8 | I65: =IF(ISBLANK(H65),"NOT PROVIDED",IF(H65<3,"POOR",IF(H65<4.5,"AVERAGE","EXCELLENT"))) -> POOR | J65: =IF(B65<1000,"LOW PRICE",IF(B65<2000,"MEDIUM PRICE","HIGH PRICE")) -> LOW PRICE
A66: Intelligent LED Body Sensor Wireless Lighting Night Light USB | B66: 325 | C66: 680 | D66: =C66-B66 -> 355 | E66: 0.52 | F66: =IF(E66<20%,"LOW DISCOUNT",IF(E66<40%,"MEDIUM DISCOUNT","HIGH DISCOUNT")) -> HIGH DISCOUNT | G66: 15 | H66: 2.7 | I66: =IF(ISBLANK(H66),"NOT PROVIDED",IF(H66<3,"POOR",IF(H66<4.5,"AVERAGE","EXCELLENT"))) -> POOR | J66: =IF(B66<1000,"LOW PRICE",IF(B66<2000,"MEDIUM PRICE","HIGH PRICE")) -> LOW PRICE
A67: VIC Wireless Vacuum Cleaner Dual Use For Home And Car 120W High Power Powerful | B67: 1220 | C67: 1555 | D67: =C67-B67 -> 335 | E67: 0.22 | F67: =IF(E67<20%,"LOW DISCOUNT",IF(E67<40%,"MEDIUM DISCOUNT","HIGH DISCOUNT")) -> MEDIUM DISCOUNT | G67: 16 | H67: 2.9 | I67: =IF(ISBLANK(H67),"NOT PROVIDED",IF(H67<3,"POOR",IF(H67<4.5,"AVERAGE","EXCELLENT"))) -> POOR | J67: =IF(B67<1000,"LOW PRICE",IF(B67<2000,"MEDIUM PRICE","HIGH PRICE")) -> MEDIUM PRICE
A68: Artificial Potted Flowers Room Decorative Flowers (2 Pieces) | B68: 990 | C68: 1814 | D68: =C68-B68 -> 824 | E68: 0.45 | F68: =IF(E68<20%,"LOW DISCOUNT",IF(E68<40%,"MEDIUM DISCOUNT","HIGH DISCOUNT")) -> HIGH DISCOUNT | G68: 6 | H68: 2.2 | I68: =IF(ISBLANK(H68),"NOT PROVIDED",IF(H68<3,"POOR",IF(H68<4.5,"AVERAGE","EXCELLENT"))) -> POOR | J68: =IF(B68<1000,"LOW PRICE",IF(B68<2000,"MEDIUM PRICE","HIGH PRICE")) -> LOW PRICE
A69: 380ML USB Rechargeable Portable Small Blenders And Juicers | B69: 1000 | C69: 2000 | D69: =C69-B69 -> 1000 | E69: 0.5 | F69: =IF(E69<20%,"LOW DISCOUNT",IF(E69<40%,"MEDIUM DISCOUNT","HIGH DISCOUNT")) -> HIGH DISCOUNT | G69: 7 | H69: 2.3 | I69: =IF(ISBLANK(H69),"NOT PROVIDED",IF(H69<3,"POOR",IF(H69<4.5,"AVERAGE","EXCELLENT"))) -> POOR | J69: =IF(B69<1000,"LOW PRICE",IF(B69<2000,"MEDIUM PRICE","HIGH PRICE")) -> MEDIUM PRICE
A70: 32PCS Portable Cordless Drill Set With Cyclic Battery Drive -26 Variable Speed | B70: 3750 | C70: 6143 | D70: =C70-B70 -> 2393 | E70: 0.39 | F70: =IF(E70<20%,"LOW DISCOUNT",IF(E70<40%,"MEDIUM DISCOUNT","HIGH DISCOUNT")) -> MEDIUM DISCOUNT | G70: 5 | H70: 3 | I70: =IF(ISBLANK(H70),"NOT PROVIDED",IF(H70<3,"POOR",IF(H70<4.5,"AVERAGE","EXCELLENT"))) -> AVERAGE | J70: =IF(B70<1000,"LOW PRICE",IF(B70<2000,"MEDIUM PRICE","HIGH PRICE")) -> HIGH PRICE
A71: Agapeon Toothbrush Holder And Toothpaste Dispenser | B71: 382 | C71: 700 | D71: =C71-B71 -> 318 | E71: 0.45 | F71: =IF(E71<20%,"LOW DISCOUNT",IF(E71<40%,"MEDIUM DISCOUNT","HIGH DISCOUNT")) -> HIGH DISCOUNT | G71: 17 | H71: 2.6 | I71: =IF(ISBLANK(H71),"NOT PROVIDED",IF(H71<3,"POOR",IF(H71<4.5,"AVERAGE","EXCELLENT"))) -> POOR | J71: =IF(B71<1000,"LOW PRICE",IF(B71<2000,"MEDIUM PRICE","HIGH PRICE")) -> LOW PRICE
A72: Large Lazy Inflatable Sofa Chairs PVC Lounger Seat Bag | B72: 2300 | C72: 3240 | D72: =C72-B72 -> 940 | E72: 0.29 | F72: =IF(E72<20%,"LOW DISCOUNT",IF(E72<40%,"MEDIUM DISCOUNT","HIGH DISCOUNT")) -> MEDIUM DISCOUNT | G72: 5 | H72: 3 | I72: =IF(ISBLANK(H72),"NOT PROVIDED",IF(H72<3,"POOR",IF(H72<4.5,"AVERAGE","EXCELLENT"))) -> AVERAGE | J72: =IF(B72<1000,"LOW PRICE",IF(B72<2000,"MEDIUM PRICE","HIGH PRICE")) -> HIGH PRICE
A73: Watercolour Gold Foil Textured Print Pillow Cover | B73: 345 | C73: 602 | D73: =C73-B73 -> 257 | E73: 0.43 | F73: =IF(E73<20%,"LOW DISCOUNT",IF(E73<40%,"MEDIUM DISCOUNT","HIGH DISCOUNT")) -> HIGH DISCOUNT | G73: 6 | H73: 2.3 | I73: =IF(ISBLANK(H73),"NOT PROVIDED",IF(H73<3,"POOR",IF(H73<4.5,"AVERAGE","EXCELLENT"))) -> POOR | J73: =IF(B73<1000,"LOW PRICE",IF(B73<2000,"MEDIUM PRICE","HIGH PRICE")) -> LOW PRICE
... A76: Electric LED UV Mosquito Killer Lamp, Outdoor/Indoor Fly Killer Trap Light -USB | B76: 1570 | C76: 2988 | D76: =C76-B76 -> 1418 | E76: 0.47 | F76: =IF(E76<20%,"LOW DISCOUNT",IF(E76<40%,"MEDIUM DISCOUNT","HIGH DISCOUNT")) -> HIGH DISCOUNT | G76: 7 | H76: 2.1 | I76: =IF(ISBLANK(H76),"NOT PROVIDED",IF(H76<3,"POOR",IF(H76<4.5,"AVERAGE","EXCELLENT"))) -> POOR | J76: =IF(B76<1000,"LOW PRICE",IF(B76<2000,"MEDIUM PRICE","HIGH PRICE")) -> MEDIUM PRICE
A77: 2PCS/LOT Solar LED Outdoor Intelligent Light Controlled Wall Lamp | B77: 790 | C77: 1485 | D77: =C77-B77 -> 695 | E77: 0.47 | F77: =IF(E77<20%,"LOW DISCOUNT",IF(E77<40%,"MEDIUM DISCOUNT","HIGH DISCOUNT")) -> HIGH DISCOUNT | I77: =IF(ISBLANK(H77),"NOT PROVIDED",IF(H77<3,"POOR",IF(H77<4.5,"AVERAGE","EXCELLENT"))) -> NOT PROVIDED | J77: =IF(B77<1000,"LOW PRICE",IF(B77<2000,"MEDIUM PRICE","HIGH PRICE")) -> LOW PRICE
A78: 3PCS Rotary Scraper Thermomix For Kitchen | B78: 690 | C78: 1200 | D78: =C78-B78 -> 510 | E78: 0.43 | F78: =IF(E78<20%,"LOW DISCOUNT",IF(E78<40%,"MEDIUM DISCOUNT","HIGH DISCOUNT")) -> HIGH DISCOUNT | I78: =IF(ISBLANK(H78),"NOT PROVIDED",IF(H78<3,"POOR",IF(H78<4.5,"AVERAGE","EXCELLENT"))) -> NOT PROVIDED | J78: =IF(B78<1000,"LOW PRICE",IF(B78<2000,"MEDIUM PRICE","HIGH PRICE")) -> LOW PRICE
A79: Cushion Silicone Butt Cushion Summer Ice Cushion Honeycomb Gel Cushion | B79: 1732 | C79: 1799 | D79: =C79-B79 -> 67 | E79: 0.04 | F79: =IF(E79<20%,"LOW DISCOUNT",IF(E79<40%,"MEDIUM DISCOUNT","HIGH DISCOUNT")) -> LOW DISCOUNT | I79: =IF(ISBLANK(H79),"NOT PROVIDED",IF(H79<3,"POOR",IF(H79<4.5,"AVERAGE","EXCELLENT"))) -> NOT PROVIDED | J79: =IF(B79<1000,"LOW PRICE",IF(B79<2000,"MEDIUM PRICE","HIGH PRICE")) -> MEDIUM PRICE
A80: 7PCS Silicone Thumb Knife Finger Protector Vegetable Harvesting Knife | B80: 230 | C80: 450 | D80: =C80-B80 -> 220 | E80: 0.49 | F80: =IF(E80<20%,"LOW DISCOUNT",IF(E80<40%,"MEDIUM DISCOUNT","HIGH DISCOUNT")) -> HIGH DISCOUNT | I80: =IF(ISBLANK(H80),"NOT PROVIDED",IF(H80<3,"POOR",IF(H80<4.5,"AVERAGE","EXCELLENT"))) -> NOT PROVIDED | J80: =IF(B80<1000,"LOW PRICE",IF(B80<2000,"MEDIUM PRICE","HIGH PRICE")) -> LOW PRICE
A81: Memory Foam Neck Pillow Cover, With Pillow Core - 50*30cm | B81: 1189 | C81: 2199 | D81: =C81-B81 -> 1010 | E81: 0.46 | F81: =IF(E81<20%,"LOW DISCOUNT",IF(E81<40%,"MEDIUM DISCOUNT","HIGH DISCOUNT")) -> HIGH DISCOUNT | G81: 1 | H81: 3 | I81: =IF(ISBLANK(H81),"NOT PROVIDED",IF(H81<3,"POOR",IF(H81<4.5,"AVERAGE","EXCELLENT"))) -> AVERAGE | J81: =IF(B81<1000,"LOW PRICE",IF(B81<2000,"MEDIUM PRICE","HIGH PRICE")) -> MEDIUM PRICE
A82: Bedroom Simple Floor Hanging Clothes Rack Single Pole Hat Rack - White | B82: 979 | C82: 1920 | D82: =C82-B82 -> 941 | E82: 0.49 | F82: =IF(E82<20%,"LOW DISCOUNT",IF(E82<40%,"MEDIUM DISCOUNT","HIGH DISCOUNT")) -> HIGH DISCOUNT | G82: 1 | H82: 5 | I82: =IF(ISBLANK(H82),"NOT PROVIDED",IF(H82<3,"POOR",IF(H82<4.5,"AVERAGE","EXCELLENT"))) -> EXCELLENT | J82: =IF(B82<1000,"LOW PRICE",IF(B82<2000,"MEDIUM PRICE","HIGH PRICE")) -> LOW PRICE
A83: 5m Waterproof Spherical LED String Lights Outdoor Ball Chain Lights Party Lighting Decoration Adjustable | B83: 1460 | C83: 2290 | D83: =C83-B83 -> 830 | E83: 0.36 | F83: =IF(E83<20%,"LOW DISCOUNT",IF(E83<40%,"MEDIUM DISCOUNT","HIGH DISCOUNT")) -> MEDIUM DISCOUNT | I83: =IF(ISBLANK(H83),"NOT PROVIDED",IF(H83<3,"POOR",IF(H83<4.5,"AVERAGE","EXCELLENT"))) -> NOT PROVIDED | J83: =IF(B83<1000,"LOW PRICE",IF(B83<2000,"MEDIUM PRICE","HIGH PRICE")) -> MEDIUM PRICE
A84: 2 Pairs Cowhide Split Leather Work Gloves.32â„‰ Or Above Welding Gloves | B84: 1666 | C84: 1699 | D84: =C84-B84 -> 33 | E84: 0.02 | F84: =IF(E84<20%,"LOW DISCOUNT",IF(E84<40%,"MEDIUM DISCOUNT","HIGH DISCOUNT")) -> LOW DISCOUNT | I84: =IF(ISBLANK(H84),"NOT PROVIDED",IF(H84<3,"POOR",IF(H84<4.5,"AVERAGE","EXCELLENT"))) -> NOT PROVIDED | J84: =IF(B84<1000,"LOW PRICE",IF(B84<2000,"MEDIUM PRICE","HIGH PRICE")) -> MEDIUM PRICE
A85: Household Pineapple Peeler Peeler | B85: 330 | C85: 647 | D85: =C85-B85 -> 317 | E85: 0.49 | F85: =IF(E85<20%,"LOW DISCOUNT",IF(E85<40%,"MEDIUM DISCOUNT","HIGH DISCOUNT")) -> HIGH DISCOUNT | G85: 1 | H85: 4 | I85: =IF(ISBLANK(H85),"NOT PROVIDED",IF(H85<3,"POOR",IF(H85<4.5,"AVERAGE","EXCELLENT"))) -> AVERAGE | J85: =IF(B85<1000,"LOW PRICE",IF(B85<2000,"MEDIUM PRICE","HIGH PRICE")) -> LOW PRICE
A86: Creative Owl Shape Keychain Black | B86: 176 | C86: 345 | D86: =C86-B86 -> 169 | E86: 0.49 | F86: =IF(E86<20%,"LOW DISCOUNT",IF(E86<40%,"MEDIUM DISCOUNT","HIGH DISCOUNT")) -> HIGH DISCOUNT | I86: =IF(ISBLANK(H86),"NOT PROVIDED",IF(H86<3,"POOR",IF(H86<4.5,"AVERAGE","EXCELLENT"))) -> NOT PROVIDED | J86: =IF(B86<1000,"LOW PRICE",IF(B86<2000,"MEDIUM PRICE","HIGH PRICE")) -> LOW PRICE
A87: Office Chair Lumbar Back Support Spine Posture Correction Pillow Car Cushion | B87: 1466 | C87: 1699 | D87: =C87-B87 -> 233 | E87: 0.14 | F87: =IF(E87<20%,"LOW DISCOUNT",IF(E87<40%,"MEDIUM DISCOUNT","HIGH DISCOUNT")) -> LOW DISCOUNT | I87: =IF(ISBLANK(H87),"NOT PROVIDED",IF(H87<3,"POOR",IF(H87<4.5,"AVERAGE","EXCELLENT"))) -> NOT PROVIDED | J87: =IF(B87<1000,"LOW PRICE",IF(B87<2000,"MEDIUM PRICE","HIGH PRICE")) -> MEDIUM PRICE
A88: Cartoon Car Decoration Cute Individuality For Car Home Desk | B88: 274 | C88: 537 | D88: =C88-B88 -> 263 | E88: 0.49 | F88: =IF(E88<20%,"LOW DISCOUNT",IF(E88<40%,"MEDIUM DISCOUNT","HIGH DISCOUNT")) -> HIGH DISCOUNT | I88: =IF(ISBLANK(H88),"NOT PROVIDED",IF(H88<3,"POOR",IF(H88<4.5,"AVERAGE","EXCELLENT"))) -> NOT PROVIDED | J88: =IF(B88<1000,"LOW PRICE",IF(B88<2000,"MEDIUM PRICE","HIGH PRICE")) -> LOW PRICE
A89: Outdoor Portable Water Bottle With Medicine Box - 600ML - Black | B89: 799 | C89: 900 | D89: =C89-B89 -> 101 | E89: 0.11 | F89: =IF(E89<20%,"LOW DISCOUNT",IF(E89<40%,"MEDIUM DISCOUNT","HIGH DISCOUNT")) -> LOW DISCOUNT | I89: =IF(ISBLANK(H89),"NOT PROVIDED",IF(H89<3,"POOR",IF(H89<4.5,"AVERAGE","EXCELLENT"))) -> NOT PROVIDED | J89: =IF(B89<1000,"LOW PRICE",IF(B89<2000,"MEDIUM PRICE","HIGH PRICE")) -> LOW PRICE
A90: Angle Measuring Tool Full Metal Multi Angle Measuring Tool | B90: 657 | C90: 1288 | D90: =C90-B90 -> 631 | E90: 0.49 | F90: =IF(E90<20%,"LOW DISCOUNT",IF(E90<40%,"MEDIUM DISCOUNT","HIGH DISCOUNT")) -> HIGH DISCOUNT | I90: =IF(ISBLANK(H90),"NOT PROVIDED",IF(H90<3,"POOR",IF(H90<4.5,"AVERAGE","EXCELLENT"))) -> NOT PROVIDED | J90: =IF(B90<1000,"LOW PRICE",IF(B90<2000,"MEDIUM PRICE","HIGH PRICE")) -> LOW PRICE
A91: Wall-Mounted Toothbrush Toothpaste Holder With Multiple Slots | B91: 1468 | C91: 1699 | D91: =C91-B91 -> 231 | E91: 0.14 | F91: =IF(E91<20%,"LOW DISCOUNT",IF(E91<40%,"MEDIUM DISCOUNT","HIGH DISCOUNT")) -> LOW DISCOUNT | I91: =IF(ISBLANK(H91),"NOT PROVIDED",IF(H91<3,"POOR",IF(H91<4.5,"AVERAGE","EXCELLENT"))) -> NOT PROVIDED | J91: =IF(B91<1000,"LOW PRICE",IF(B91<2000,"MEDIUM PRICE","HIGH PRICE")) -> MEDIUM PRICE
A92: Multifunctional Hanging Storage Box Storage Bag (4 Layers) | B92: 630 | C92: 1100 | D92: =C92-B92 -> 470 | E92: 0.43 | F92: =IF(E92<20%,"LOW DISCOUNT",IF(E92<40%,"MEDIUM DISCOUNT","HIGH DISCOUNT")) -> HIGH DISCOUNT | I92: =IF(ISBLANK(H92),"NOT PROVIDED",IF(H92<3,"POOR",IF(H92<4.5,"AVERAGE","EXCELLENT"))) -> NOT PROVIDED | J92: =IF(B92<1000,"LOW PRICE",IF(B92<2000,"MEDIUM PRICE","HIGH PRICE")) -> LOW PRICE
A93: Wall Clock With Hidden Safe Box | B93: 850 | C93: 1700 | D93: =C93-B93 -> 850 | E93: 0.5 | F93: =IF(E93<20%,"LOW DISCOUNT",IF(E93<40%,"MEDIUM DISCOUNT","HIGH DISCOUNT")) -> HIGH DISCOUNT | I93: =IF(ISBLANK(H93),"NOT PROVIDED",IF(H93<3,"POOR",IF(H93<4.5,"AVERAGE","EXCELLENT"))) -> NOT PROVIDED | J93: =IF(B93<1000,"LOW PRICE",IF(B93<2000,"MEDIUM PRICE","HIGH PRICE")) -> LOW PRICE
A94: Portable Wine Table With Folding Round Table | B94: 1300 | C94: 2500 | D94: =C94-B94 -> 1200 | E94: 0.48 | F94: =IF(E94<20%,"LOW DISCOUNT",IF(E94<40%,"MEDIUM DISCOUNT","HIGH DISCOUNT")) -> HIGH DISCOUNT | I94: =IF(ISBLANK(H94),"NOT PROVIDED",IF(H94<3,"POOR",IF(H94<4.5,"AVERAGE","EXCELLENT"))) -> NOT PROVIDED | J94: =IF(B94<1000,"LOW PRICE",IF(B94<2000,"MEDIUM PRICE","HIGH PRICE")) -> MEDIUM PRICE
A95: Sewing Machine Needle Threader Stitch Insertion Tool Automatic Quick Sewing | B95: 105 | C95: 200 | D95: =C95-B95 -> 95 | E95: 0.48 | F95: =IF(E95<20%,"LOW DISCOUNT",IF(E95<40%,"MEDIUM DISCOUNT","HIGH DISCOUNT")) -> HIGH DISCOUNT | I95: =IF(ISBLANK(H95),"NOT PROVIDED",IF(H95<3,"POOR",IF(H95<4.5,"AVERAGE","EXCELLENT"))) -> NOT PROVIDED | J95: =IF(B95<1000,"LOW PRICE",IF(B95<2000,"MEDIUM PRICE","HIGH PRICE")) -> LOW PRICE
A96: 6 Layers Steel Pipe Assembling Dustproof Storage Shoe Cabinet | B96: 899 | C96: 1699 | D96: =C96-B96 -> 800 | E96: 0.47 | F96: =IF(E96<20%,"LOW DISCOUNT",IF(E96<40%,"MEDIUM DISCOUNT","HIGH DISCOUNT")) -> HIGH DISCOUNT | I96: =IF(ISBLANK(H96),"NOT PROVIDED",IF(H96<3,"POOR",IF(H96<4.5,"AVERAGE","EXCELLENT"))) -> NOT PROVIDED | J96: =IF(B96<1000,"LOW PRICE",IF(B96<2000,"MEDIUM PRICE","HIGH PRICE")) -> LOW PRICE
A97: 2PCS Ice Silk Square Cushion Cover Pillowcases - 65x65cm | B97: 1200 | C97: 2400 | D97: =C97-B97 -> 1200 | E97: 0.5 | F97: =IF(E97<20%,"LOW DISCOUNT",IF(E97<40%,"MEDIUM DISCOUNT","HIGH DISCOUNT")) -> HIGH DISCOUNT | I97: =IF(ISBLANK(H97),"NOT PROVIDED",IF(H97<3,"POOR",IF(H97<4.5,"AVERAGE","EXCELLENT"))) -> NOT PROVIDED | J97: =IF(B97<1000,"LOW PRICE",IF(B97<2000,"MEDIUM PRICE","HIGH PRICE")) -> MEDIUM PRICE
... A103: 8in1 Screwdriver With LED Light | B103: 1080 | C103: 1874 | D103: =C103-B103 -> 794 | E103: 0.42 | F103: =IF(E103<20%,"LOW DISCOUNT",IF(E103<40%,"MEDIUM DISCOUNT","HIGH DISCOUNT")) -> HIGH DISCOUNT | I103: =IF(ISBLANK(H103),"NOT PROVIDED",IF(H103<3,"POOR",IF(H103<4.5,"AVERAGE","EXCELLENT"))) -> NOT PROVIDED | J103: =IF(B103<1000,"LOW PRICE",IF(B103<2000,"MEDIUM PRICE","HIGH PRICE")) -> MEDIUM PRICE
A104: Konka Healty Electric Kettle, 24-hour Heat Preservation,1.5L,800W, White | B104: 3640 | C104: 4588 | D104: =C104-B104 -> 948 | E104: 0.21 | F104: =IF(E104<20%,"LOW DISCOUNT",IF(E104<40%,"MEDIUM DISCOUNT","HIGH DISCOUNT")) -> MEDIUM DISCOUNT | G104: 1 | H104: 5 | I104: =IF(ISBLANK(H104),"NOT PROVIDED",IF(H104<3,"POOR",IF(H104<4.5,"AVERAGE","EXCELLENT"))) -> EXCELLENT | J104: =IF(B104<1000,"LOW PRICE",IF(B104<2000,"MEDIUM PRICE","HIGH PRICE")) -> HIGH PRICE
A105: 9pcs Gas Mask, For Painting, Dust, Formaldehyde Grinding, Polishing | B105: 1420 | C105: 2420 | D105: =C105-B105 -> 1000 | E105: 0.41 | F105: =IF(E105<20%,"LOW DISCOUNT",IF(E105<40%,"MEDIUM DISCOUNT","HIGH DISCOUNT")) -> HIGH DISCOUNT | I105: =IF(ISBLANK(H105),"NOT PROVIDED",IF(H105<3,"POOR",IF(H105<4.5,"AVERAGE","EXCELLENT"))) -> NOT PROVIDED | J105: =IF(B105<1000,"LOW PRICE",IF(B105<2000,"MEDIUM PRICE","HIGH PRICE")) -> MEDIUM PRICE
A106: 24 Grid Wall-mounted Sundries Organiser Fabric Closet Bag Storage Rack | B106: 1875 | C106: 1899 | D106: =C106-B106 -> 24 | E106: 0.01 | F106: =IF(E106<20%,"LOW DISCOUNT",IF(E106<40%,"MEDIUM DISCOUNT","HIGH DISCOUNT")) -> LOW DISCOUNT | I106: =IF(ISBLANK(H106),"NOT PROVIDED",IF(H106<3,"POOR",IF(H106<4.5,"AVERAGE","EXCELLENT"))) -> NOT PROVIDED | J106: =IF(B106<1000,"LOW PRICE",IF(B106<2000,"MEDIUM PRICE","HIGH PRICE")) -> MEDIUM PRICE
A107: 1PC Refrigerator Food Seal Pocket Fridge Bags | B107: 198 | C107: 260 | D107: =C107-B107 -> 62 | E107: 0.24 | F107: =IF(E107<20%,"LOW DISCOUNT",IF(E107<40%,"MEDIUM DISCOUNT","HIGH DISCOUNT")) -> MEDIUM DISCOUNT | I107: =IF(ISBLANK(H107),"NOT PROVIDED",IF(H107<3,"POOR",IF(H107<4.5,"AVERAGE","EXCELLENT"))) -> NOT PROVIDED | J107: =IF(B107<1000,"LOW PRICE",IF(B107<2000,"MEDIUM PRICE","HIGH PRICE")) -> LOW PRICE
A108: LED Solar Street Light-fake Camera | B108: 1150 | C108: 1737 | D108: =C108-B108 -> 587 | E108: 0.34 | F108: =IF(E108<20%,"LOW DISCOUNT",IF(E108<40%,"MEDIUM DISCOUNT","HIGH DISCOUNT")) -> MEDIUM DISCOUNT | I108: =IF(ISBLANK(H108),"NOT PROVIDED",IF(H108<3,"POOR",IF(H108<4.5,"AVERAGE","EXCELLENT"))) -> NOT PROVIDED | J108: =IF(B108<1000,"LOW PRICE",IF(B108<2000,"MEDIUM PRICE","HIGH PRICE")) -> MEDIUM PRICE
A109: Cartoon Embroidered Mini Towel Bear Cotton Wash Cloth Hand 4pcs | B109: 1190 | C109: 1810 | D109: =C109-B109 -> 620 | E109: 0.34 | F109: =IF(E109<20%,"LOW DISCOUNT",IF(E109<40%,"MEDIUM DISCOUNT","HIGH DISCOUNT")) -> MEDIUM DISCOUNT | I109: =IF(ISBLANK(H109),"NOT PROVIDED",IF(H109<3,"POOR",IF(H109<4.5,"AVERAGE","EXCELLENT"))) -> NOT PROVIDED | J109: =IF(B109<1000,"LOW PRICE",IF(B109<2000,"MEDIUM PRICE","HIGH PRICE")) -> MEDIUM PRICE
A110: Shower Nozzle Cleaning Unclogging Needle Mini Crevice Small Hole Cleaning Brush | B110: 1658 | C110: 1699 | D110: =C110-B110 -> 41 | E110: 0.02 | F110: =IF(E110<20%,"LOW DISCOUNT",IF(E110<40%,"MEDIUM DISCOUNT","HIGH DISCOUNT")) -> LOW DISCOUNT | I110: =IF(ISBLANK(H110),"NOT PROVIDED",IF(H110<3,"POOR",IF(H110<4.5,"AVERAGE","EXCELLENT"))) -> NOT PROVIDED | J110: =IF(B110<1000,"LOW PRICE",IF(B110<2000,"MEDIUM PRICE","HIGH PRICE")) -> MEDIUM PRICE
A111: Thickening Multipurpose Non Stick Easy To Clean Heat Resistant Spoon Pad | B111: 1768 | C111: 1799 | D111: =C111-B111 -> 31 | E111: 0.02 | F111: =IF(E111<20%,"LOW DISCOUNT",IF(E111<40%,"MEDIUM DISCOUNT","HIGH DISCOUNT")) -> LOW DISCOUNT | I111: =IF(ISBLANK(H111),"NOT PROVIDED",IF(H111<3,"POOR",IF(H111<4.5,"AVERAGE","EXCELLENT"))) -> NOT PROVIDED | J111: =IF(B111<1000,"LOW PRICE",IF(B111<2000,"MEDIUM PRICE","HIGH PRICE")) -> MEDIUM PRICE
A112: 6 In 1 Bottle Can Opener Multifunctional Easy Opener | B112: 199 | C112: 553 | D112: =C112-B112 -> 354 | E112: 0.64 | F112: =IF(E112<20%,"LOW DISCOUNT",IF(E112<40%,"MEDIUM DISCOUNT","HIGH DISCOUNT")) -> HIGH DISCOUNT | I112: =IF(ISBLANK(H112),"NOT PROVIDED",IF(H112<3,"POOR",IF(H112<4.5,"AVERAGE","EXCELLENT"))) -> NOT PROVIDED | J112: =IF(B112<1000,"LOW PRICE",IF(B112<2000,"MEDIUM PRICE","HIGH PRICE")) -> LOW PRICE
A113: Wall-mounted Sticker Punch-free Plug Fixer | B113: 450 | C113: 900 | D113: =C113-B113 -> 450 | E113: 0.5 | F113: =IF(E113<20%,"LOW DISCOUNT",IF(E113<40%,"MEDIUM DISCOUNT","HIGH DISCOUNT")) -> HIGH DISCOUNT | G113: 1 | H113: 2 | I113: =IF(ISBLANK(H113),"NOT PROVIDED",IF(H113<3,"POOR",IF(H113<4.5,"AVERAGE","EXCELLENT"))) -> POOR | J113: =IF(B113<1000,"LOW PRICE",IF(B113<2000,"MEDIUM PRICE","HIGH PRICE")) -> LOW PRICE
A114: Black Simple Water Cup Wine Coaster Anti Slip Absorbent | B114: 169 | C114: 320 | D114: =C114-B114 -> 151 | E114: 0.47 | F114: =IF(E114<20%,"LOW DISCOUNT",IF(E114<40%,"MEDIUM DISCOUNT","HIGH DISCOUNT")) -> HIGH DISCOUNT | I114: =IF(ISBLANK(H114),"NOT PROVIDED",IF(H114<3,"POOR",IF(H114<4.5,"AVERAGE","EXCELLENT"))) -> NOT PROVIDED | J114: =IF(B114<1000,"LOW PRICE",IF(B114<2000,"MEDIUM PRICE","HIGH PRICE")) -> LOW PRICE

Sheet Sheet11
A3: Average of Discount Price
A4: 626.65487

Sheet DESCRIPTIVE STATISTICS
A1: Descriptive statistics
A2: Average current price of products | B2: =AVERAGE(CLEANED!B1:B114) -> 1192.3186
A3: Average old price of products | B3: =AVERAGE(CLEANED!C1:C114) -> 1818.9735
A4: Average discount percentage | B4: {=AVERAGE(CLEANED!E1:E114)} -> 0.36681416
A5: Average product rating | B5: =AVERAGE(CLEANED!H1:H24) -> 4.4409091
A6: Total number of products | B6: =COUNTA(CLEANED!A1:A114) -> 114
A7: Total number of reviews | B7: =SUM(CLEANED!G1:G22) -> 281
A8: Most expensive product | B8: =_xlfn.XLOOKUP(MAX(CLEANED!B2:B114),CLEANED!B2:B114,CLEANED!A2:A114) -> 32PCS Portable Cordless Drill Set With Cyclic Battery Drive -26 Variable Speed
A9: Least expensive product | B9: =_xlfn.XLOOKUP(MIN(CLEANED!B2:B114),CLEANED!B2:B114,CLEANED!A2:A114) -> 3PCS Single Head Knitting Crochet Sweater Needle Set
A12: Trend Analysis
A13: Does a higher discount percentage result in more customer reviews? | B13: =CORREL(CLEANED!E2:E114,CLEANED!G2:G114) -> -0.12231526 | C13: No relatioship
A14: Do highly rated products receive more customer reviews? | B14: =CORREL(CLEANED!H2:H114,CLEANED!G2:G114) -> 0.057209035 | C14: A positive relationship
A15: Are expensive products rated higher than cheaper products? | C15: Expensive products have a higher average rating than cheaper products
A17: Identify the top 5 products with the highest rankings.
A18: Identify the top 5 products with the lowest ratings .
A20: MEDIAN | B20: =MEDIAN(CLEANED!B2:B114) -> 999
A21: Average rating for products above median(expensive product average) | B21: =AVERAGEIF(CLEANED!B2:B114,">999",CLEANED!H2:H22) -> 3.9448276
A22: average rating for products below median(Cheaper product) | B22: =AVERAGEIF(CLEANED!B2:B114,"<999",CLEANED!H2:H22) -> 3.8321429

Sheet TOP 5 LOWEST RANKING
A1: {=_xlfn._xlws.SORT(CLEANED!A2:J114,8,1)} -> Wall-mounted Sticker Punch-free Plug Fixer | B1: 450 | C1: 900 | D1: 450 | E1: 0.5 | F1: HIGH DISCOUNT | G1: 1 | H1: 2 | I1: POOR | J1: LOW PRICE
A2: 5-PCS Stainless Steel Cooking Pot Set With Steamed Slices | B2: 2115 | C2: 4700 | D2: 2585 | E2: 0.55 | F2: HIGH DISCOUNT | G2: 13 | H2: 2.1 | I2: POOR | J2: HIGH PRICE
A3: Electric LED UV Mosquito Killer Lamp, Outdoor/Indoor Fly Killer Trap Light -USB | B3: 1570 | C3: 2988 | D3: 1418 | E3: 0.47 | F3: HIGH DISCOUNT | G3: 7 | H3: 2.1 | I3: POOR | J3: MEDIUM PRICE
A4: Artificial Potted Flowers Room Decorative Flowers (2 Pieces) | B4: 990 | C4: 1814 | D4: 824 | E4: 0.45 | F4: HIGH DISCOUNT | G4: 6 | H4: 2.2 | I4: POOR | J4: LOW PRICE
A5: 7-piece Set Of Storage Bags, Travel Storage Bags, Shoe Bags | B5: 968 | C5: 1814 | D5: 846 | E5: 0.47 | F5: HIGH DISCOUNT | G5: 6 | H5: 2.2 | I5: POOR | J5: LOW PRICE
A6: 380ML USB Rechargeable Portable Small Blenders And Juicers | B6: 1000 | C6: 2000 | D6: 1000 | E6: 0.5 | F6: HIGH DISCOUNT | G6: 7 | H6: 2.3 | I6: POOR | J6: MEDIUM PRICE
A7: Watercolour Gold Foil Textured Print Pillow Cover | B7: 345 | C7: 602 | D7: 257 | E7: 0.43 | F7: HIGH DISCOUNT | G7: 6 | H7: 2.3 | I7: POOR | J7: LOW PRICE
A8: 5 Pieces/set Of Stainless Steel Induction Cooker Pots | B8: 2170 | C8: 2500 | D8: 330 | E8: 0.13 | F8: LOW DISCOUNT | G8: 6 | H8: 2.5 | I8: POOR | J8: HIGH PRICE
A9: Agapeon Toothbrush Holder And Toothpaste Dispenser | B9: 382 | C9: 700 | D9: 318 | E9: 0.45 | F9: HIGH DISCOUNT | G9: 17 | H9: 2.6 | I9: POOR | J9: LOW PRICE
A10: Intelligent LED Body Sensor Wireless Lighting Night Light USB | B10: 325 | C10: 680 | D10: 355 | E10: 0.52 | F10: HIGH DISCOUNT | G10: 15 | H10: 2.7 | I10: POOR | J10: LOW PRICE
A11: 120W Cordless Vacuum Cleaners Handheld Electric Vacuum Cleaner | B11: 445 | C11: 873 | D11: 428 | E11: 0.49 | F11: HIGH DISCOUNT | G11: 69 | H11: 2.8 | I11: POOR | J11: LOW PRICE
A12: VIC Wireless Vacuum Cleaner Dual Use For Home And Car 120W High Power Powerful | B12: 1220 | C12: 1555 | D12: 335 | E12: 0.22 | F12: MEDIUM DISCOUNT | G12: 16 | H12: 2.9 | I12: POOR | J12: MEDIUM PRICE
A13: Mythco 120COB Solar Wall Ligt With Motion Sensor And Remote Control 3 Modes | B13: 458 | C13: 986 | D13: 528 | E13: 0.54 | F13: HIGH DISCOUNT | G13: 10 | H13: 3 | I13: AVERAGE | J13: LOW PRICE
... A113: Black Simple Water Cup Wine Coaster Anti Slip Absorbent | B113: 169 | C113: 320 | D113: 151 | E113: 0.47 | F113: HIGH DISCOUNT | G113: 0 | H113: 0 | I113: NOT PROVIDED | J113: LOW PRICE

Sheet TOP 10 RATING BY DISCOUNT 
A1: Product | B1: Current price | C1: Old price | D1: Discount Price | E1: Discount | F1: Discount category | G1: Review | H1: Ratingd | I1: Rating Category | J1: Price Category
A2: Anti-Skid Absorbent Insulation Coaster For Home Office | B2: 332 | C2: 684 | D2: =C2-B2 -> 352 | E2: 0.51 | F2: =IF(E2<20%,"LOW DISCOUNT",IF(E2<40%,"MEDIUM DISCOUNT","HIGH DISCOUNT")) -> HIGH DISCOUNT | G2: 2 | H2: 5 | I2: =IF(ISBLANK(H2),"NOT PROVIDED",IF(H2<3,"POOR",IF(H2<4.5,"AVERAGE","EXCELLENT"))) -> EXCELLENT | J2: =IF(B2<1000,"LOW PRICE",IF(B2<2000,"MEDIUM PRICE","HIGH PRICE")) -> LOW PRICE
A3: Peacock Throw Pillow Cushion Case For Home Car | B3: 195 | C3: 360 | D3: =C3-B3 -> 165 | E3: 0.46 | F3: =IF(E3<20%,"LOW DISCOUNT",IF(E3<40%,"MEDIUM DISCOUNT","HIGH DISCOUNT")) -> HIGH DISCOUNT | G3: 2 | H3: 5 | I3: =IF(ISBLANK(H3),"NOT PROVIDED",IF(H3<3,"POOR",IF(H3<4.5,"AVERAGE","EXCELLENT"))) -> EXCELLENT | J3: =IF(B3<1000,"LOW PRICE",IF(B3<2000,"MEDIUM PRICE","HIGH PRICE")) -> LOW PRICE
A4: LASA Aluminum Folding Truck Hand Cart - 68kg Max | B4: 2025 | C4: 3971 | D4: =C4-B4 -> 1946 | E4: 0.49 | F4: =IF(E4<20%,"LOW DISCOUNT",IF(E4<40%,"MEDIUM DISCOUNT","HIGH DISCOUNT")) -> HIGH DISCOUNT | G4: 3 | H4: 5 | I4: =IF(ISBLANK(H4),"NOT PROVIDED",IF(H4<3,"POOR",IF(H4<4.5,"AVERAGE","EXCELLENT"))) -> EXCELLENT | J4: =IF(B4<1000,"LOW PRICE",IF(B4<2000,"MEDIUM PRICE","HIGH PRICE")) -> HIGH PRICE
A5: DIY File Folder, Office Drawer File Holder, Pen Holder, Desktop Storage Rack | B5: 1620 | C5: 2690 | D5: =C5-B5 -> 1070 | E5: 0.4 | F5: =IF(E5<20%,"LOW DISCOUNT",IF(E5<40%,"MEDIUM DISCOUNT","HIGH DISCOUNT")) -> HIGH DISCOUNT | G5: 1 | H5: 5 | I5: =IF(ISBLANK(H5),"NOT PROVIDED",IF(H5<3,"POOR",IF(H5<4.5,"AVERAGE","EXCELLENT"))) -> EXCELLENT | J5: =IF(B5<1000,"LOW PRICE",IF(B5<2000,"MEDIUM PRICE","HIGH PRICE")) -> MEDIUM PRICE
A6: Classic Black Cat Cotton Hemp Pillow Case For Home Car | B6: 171 | C6: 360 | D6: =C6-B6 -> 189 | E6: 0.53 | F6: =IF(E6<20%,"LOW DISCOUNT",IF(E6<40%,"MEDIUM DISCOUNT","HIGH DISCOUNT")) -> HIGH DISCOUNT | G6: 2 | H6: 5 | I6: =IF(ISBLANK(H6),"NOT PROVIDED",IF(H6<3,"POOR",IF(H6<4.5,"AVERAGE","EXCELLENT"))) -> EXCELLENT | J6: =IF(B6<1000,"LOW PRICE",IF(B6<2000,"MEDIUM PRICE","HIGH PRICE")) -> LOW PRICE
A7: Bedroom Simple Floor Hanging Clothes Rack Single Pole Hat Rack - White | B7: 979 | C7: 1920 | D7: =C7-B7 -> 941 | E7: 0.49 | F7: =IF(E7<20%,"LOW DISCOUNT",IF(E7<40%,"MEDIUM DISCOUNT","HIGH DISCOUNT")) -> HIGH DISCOUNT | G7: 1 | H7: 5 | I7: =IF(ISBLANK(H7),"NOT PROVIDED",IF(H7<3,"POOR",IF(H7<4.5,"AVERAGE","EXCELLENT"))) -> EXCELLENT | J7: =IF(B7<1000,"LOW PRICE",IF(B7<2000,"MEDIUM PRICE","HIGH PRICE")) -> LOW PRICE
A8: Konka Healty Electric Kettle, 24-hour Heat Preservation,1.5L,800W, White | B8: 3640 | C8: 4588 | D8: =C8-B8 -> 948 | E8: 0.21 | F8: =IF(E8<20%,"LOW DISCOUNT",IF(E8<40%,"MEDIUM DISCOUNT","HIGH DISCOUNT")) -> MEDIUM DISCOUNT | G8: 1 | H8: 5 | I8: =IF(ISBLANK(H8),"NOT PROVIDED",IF(H8<3,"POOR",IF(H8<4.5,"AVERAGE","EXCELLENT"))) -> EXCELLENT | J8: =IF(B8<1000,"LOW PRICE",IF(B8<2000,"MEDIUM PRICE","HIGH PRICE")) -> HIGH PRICE
A9: Portable Home Small Air Humidifier 3-Speed Fan - Green | B9: 1740 | C9: 2356 | D9: =C9-B9 -> 616 | E9: 0.26 | F9: =IF(E9<20%,"LOW DISCOUNT",IF(E9<40%,"MEDIUM DISCOUNT","HIGH DISCOUNT")) -> MEDIUM DISCOUNT | G9: 5 | H9: 4.8 | I9: =IF(ISBLANK(H9),"NOT PROVIDED",IF(H9<3,"POOR",IF(H9<4.5,"AVERAGE","EXCELLENT"))) -> EXCELLENT | J9: =IF(B9<1000,"LOW PRICE",IF(B9<2000,"MEDIUM PRICE","HIGH PRICE")) -> MEDIUM PRICE
A10: LASA FOLDING TABLE SERVING STAND | B10: 1274 | C10: 2800 | D10: =C10-B10 -> 1526 | E10: 0.55 | F10: =IF(E10<20%,"LOW DISCOUNT",IF(E10<40%,"MEDIUM DISCOUNT","HIGH DISCOUNT")) -> HIGH DISCOUNT | G10: 5 | H10: 4.8 | I10: =IF(ISBLANK(H10),"NOT PROVIDED",IF(H10<3,"POOR",IF(H10<4.5,"AVERAGE","EXCELLENT"))) -> EXCELLENT | J10: =IF(B10<1000,"LOW PRICE",IF(B10<2000,"MEDIUM PRICE","HIGH PRICE")) -> MEDIUM PRICE
A11: 40cm Gold DIY Acrylic Wall Sticker Clock | B11: 552 | C11: 1035 | D11: =C11-B11 -> 483 | E11: 0.47 | F11: =IF(E11<20%,"LOW DISCOUNT",IF(E11<40%,"MEDIUM DISCOUNT","HIGH DISCOUNT")) -> HIGH DISCOUNT | G11: 12 | H11: 4.8 | I11: =IF(ISBLANK(H11),"NOT PROVIDED",IF(H11<3,"POOR",IF(H11<4.5,"AVERAGE","EXCELLENT"))) -> EXCELLENT | J11: =IF(B11<1000,"LOW PRICE",IF(B11<2000,"MEDIUM PRICE","HIGH PRICE")) -> LOW PRICE
A12: Weighing Scale Digital Bathroom Body Fat Scale USB-Black | B12: 1580 | C12: 2499 | D12: =C12-B12 -> 919 | E12: 0.37 | F12: =IF(E12<20%,"LOW DISCOUNT",IF(E12<40%,"MEDIUM DISCOUNT","HIGH DISCOUNT")) -> MEDIUM DISCOUNT | G12: 7 | H12: 4.7 | I12: =IF(ISBLANK(H12),"NOT PROVIDED",IF(H12<3,"POOR",IF(H12<4.5,"AVERAGE","EXCELLENT"))) -> EXCELLENT | J12: =IF(B12<1000,"LOW PRICE",IF(B12<2000,"MEDIUM PRICE","HIGH PRICE")) -> MEDIUM PRICE
A13: 100 Pcs Crochet Hook Tool Set Knitting Hook Set With Box | B13: 990 | C13: 1500 | D13: =C13-B13 -> 510 | E13: 0.34 | F13: =IF(E13<20%,"LOW DISCOUNT",IF(E13<40%,"MEDIUM DISCOUNT","HIGH DISCOUNT")) -> MEDIUM DISCOUNT | G13: 39 | H13: 4.7 | I13: =IF(ISBLANK(H13),"NOT PROVIDED",IF(H13<3,"POOR",IF(H13<4.5,"AVERAGE","EXCELLENT"))) -> EXCELLENT | J13: =IF(B13<1000,"LOW PRICE",IF(B13<2000,"MEDIUM PRICE","HIGH PRICE")) -> LOW PRICE
... A58: Wall-mounted Sticker Punch-free Plug Fixer | B58: 450 | C58: 900 | D58: =C58-B58 -> 450 | E58: 0.5 | F58: =IF(E58<20%,"LOW DISCOUNT",IF(E58<40%,"MEDIUM DISCOUNT","HIGH DISCOUNT")) -> HIGH DISCOUNT | G58: 1 | H58: 2 | I58: =IF(ISBLANK(H58),"NOT PROVIDED",IF(H58<3,"POOR",IF(H58<4.5,"AVERAGE","EXCELLENT"))) -> POOR | J58: =IF(B58<1000,"LOW PRICE",IF(B58<2000,"MEDIUM PRICE","HIGH PRICE")) -> LOW PRICE
A59: 4pcs Bathroom/Kitchen Towel Rack,Roll Paper Holder,Towel Bars,Hook | B59: 1860 | C59: 3220 | D59: =C59-B59 -> 1360 | E59: 0.42 | F59: =IF(E59<20%,"LOW DISCOUNT",IF(E59<40%,"MEDIUM DISCOUNT","HIGH DISCOUNT")) -> HIGH DISCOUNT | I59: =IF(ISBLANK(H59),"NOT PROVIDED",IF(H59<3,"POOR",IF(H59<4.5,"AVERAGE","EXCELLENT"))) -> NOT PROVIDED | J59: =IF(B59<1000,"LOW PRICE",IF(B59<2000,"MEDIUM PRICE","HIGH PRICE")) -> MEDIUM PRICE
A60: MultiFunctional Storage Rack Multi-layer Bookshelf | B60: 2200 | C60: 4080 | D60: =C60-B60 -> 1880 | E60: 0.46 | F60: =IF(E60<20%,"LOW DISCOUNT",IF(E60<40%,"MEDIUM DISCOUNT","HIGH DISCOUNT")) -> HIGH DISCOUNT | I60: =IF(ISBLANK(H60),"NOT PROVIDED",IF(H60<3,"POOR",IF(H60<4.5,"AVERAGE","EXCELLENT"))) -> NOT PROVIDED | J60: =IF(B60<1000,"LOW PRICE",IF(B60<2000,"MEDIUM PRICE","HIGH PRICE")) -> HIGH PRICE
A61: Home Decor Chair Cover-Grey | B61: 1980 | C61: 3200 | D61: =C61-B61 -> 1220 | E61: 0.38 | F61: =IF(E61<20%,"LOW DISCOUNT",IF(E61<40%,"MEDIUM DISCOUNT","HIGH DISCOUNT")) -> MEDIUM DISCOUNT | I61: =IF(ISBLANK(H61),"NOT PROVIDED",IF(H61<3,"POOR",IF(H61<4.5,"AVERAGE","EXCELLENT"))) -> NOT PROVIDED | J61: =IF(B61<1000,"LOW PRICE",IF(B61<2000,"MEDIUM PRICE","HIGH PRICE")) -> MEDIUM PRICE
A62: LASA Stainless Steel Double Wall Mount Soap Dispenser - 500ml | B62: 2750 | C62: 4471 | D62: =C62-B62 -> 1721 | E62: 0.38 | F62: =IF(E62<20%,"LOW DISCOUNT",IF(E62<40%,"MEDIUM DISCOUNT","HIGH DISCOUNT")) -> MEDIUM DISCOUNT | I62: =IF(ISBLANK(H62),"NOT PROVIDED",IF(H62<3,"POOR",IF(H62<4.5,"AVERAGE","EXCELLENT"))) -> NOT PROVIDED | J62: =IF(B62<1000,"LOW PRICE",IF(B62<2000,"MEDIUM PRICE","HIGH PRICE")) -> HIGH PRICE
A63: 4M Float Switch Water Level Controller -Water Tank | B63: 475 | C63: 931 | D63: =C63-B63 -> 456 | E63: 0.49 | F63: =IF(E63<20%,"LOW DISCOUNT",IF(E63<40%,"MEDIUM DISCOUNT","HIGH DISCOUNT")) -> HIGH DISCOUNT | I63: =IF(ISBLANK(H63),"NOT PROVIDED",IF(H63<3,"POOR",IF(H63<4.5,"AVERAGE","EXCELLENT"))) -> NOT PROVIDED | J63: =IF(B63<1000,"LOW PRICE",IF(B63<2000,"MEDIUM PRICE","HIGH PRICE")) -> LOW PRICE
A64: Modern Sofa Throw Pillow Cover-45x45cm-Blue&Red | B64: 238 | C64: 476 | D64: =C64-B64 -> 238 | E64: 0.5 | F64: =IF(E64<20%,"LOW DISCOUNT",IF(E64<40%,"MEDIUM DISCOUNT","HIGH DISCOUNT")) -> HIGH DISCOUNT | I64: =IF(ISBLANK(H64),"NOT PROVIDED",IF(H64<3,"POOR",IF(H64<4.5,"AVERAGE","EXCELLENT"))) -> NOT PROVIDED | J64: =IF(B64<1000,"LOW PRICE",IF(B64<2000,"MEDIUM PRICE","HIGH PRICE")) -> LOW PRICE
A65: Balloon Insert, Birthday Party Balloon Set, PU Leather | B65: 610 | C65: 1060 | D65: =C65-B65 -> 450 | E65: 0.42 | F65: =IF(E65<20%,"LOW DISCOUNT",IF(E65<40%,"MEDIUM DISCOUNT","HIGH DISCOUNT")) -> HIGH DISCOUNT | I65: =IF(ISBLANK(H65),"NOT PROVIDED",IF(H65<3,"POOR",IF(H65<4.5,"AVERAGE","EXCELLENT"))) -> NOT PROVIDED | J65: =IF(B65<1000,"LOW PRICE",IF(B65<2000,"MEDIUM PRICE","HIGH PRICE")) -> LOW PRICE
A66: Shower Cap Wide Elastic Band Cover Reusable Bashroom Cap | B66: 2132 | C66: 2169 | D66: =C66-B66 -> 37 | E66: 0.02 | F66: =IF(E66<20%,"LOW DISCOUNT",IF(E66<40%,"MEDIUM DISCOUNT","HIGH DISCOUNT")) -> LOW DISCOUNT | I66: =IF(ISBLANK(H66),"NOT PROVIDED",IF(H66<3,"POOR",IF(H66<4.5,"AVERAGE","EXCELLENT"))) -> NOT PROVIDED | J66: =IF(B66<1000,"LOW PRICE",IF(B66<2000,"MEDIUM PRICE","HIGH PRICE")) -> HIGH PRICE
A67: Christmas Elk Fence Yard Lawn Decorations Cute For Holidays | B67: 999 | C67: 2000 | D67: =C67-B67 -> 1001 | E67: 0.5 | F67: =IF(E67<20%,"LOW DISCOUNT",IF(E67<40%,"MEDIUM DISCOUNT","HIGH DISCOUNT")) -> HIGH DISCOUNT | I67: =IF(ISBLANK(H67),"NOT PROVIDED",IF(H67<3,"POOR",IF(H67<4.5,"AVERAGE","EXCELLENT"))) -> NOT PROVIDED | J67: =IF(B67<1000,"LOW PRICE",IF(B67<2000,"MEDIUM PRICE","HIGH PRICE")) -> LOW PRICE
A68: 60W Hot Melt Glue Sprayer - Efficient And Stable Glue Dispensing | B68: 1190 | C68: 1785 | D68: =C68-B68 -> 595 | E68: 0.33 | F68: =IF(E68<20%,"LOW DISCOUNT",IF(E68<40%,"MEDIUM DISCOUNT","HIGH DISCOUNT")) -> MEDIUM DISCOUNT | I68: =IF(ISBLANK(H68),"NOT PROVIDED",IF(H68<3,"POOR",IF(H68<4.5,"AVERAGE","EXCELLENT"))) -> NOT PROVIDED | J68: =IF(B68<1000,"LOW PRICE",IF(B68<2000,"MEDIUM PRICE","HIGH PRICE")) -> MEDIUM PRICE
A69: Car Phone Charging Stand | B69: 671 | C69: 1316 | D69: =C69-B69 -> 645 | E69: 0.49 | F69: =IF(E69<20%,"LOW DISCOUNT",IF(E69<40%,"MEDIUM DISCOUNT","HIGH DISCOUNT")) -> HIGH DISCOUNT | I69: =IF(ISBLANK(H69),"NOT PROVIDED",IF(H69<3,"POOR",IF(H69<4.5,"AVERAGE","EXCELLENT"))) -> NOT PROVIDED | J69: =IF(B69<1000,"LOW PRICE",IF(B69<2000,"MEDIUM PRICE","HIGH PRICE")) -> LOW PRICE
A70: 2pcs Solar Street Light Flood Light Outdoor | B70: 1200 | C70: 1950 | D70: =C70-B70 -> 750 | E70: 0.38 | F70: =IF(E70<20%,"LOW DISCOUNT",IF(E70<40%,"MEDIUM DISCOUNT","HIGH DISCOUNT")) -> MEDIUM DISCOUNT | I70: =IF(ISBLANK(H70),"NOT PROVIDED",IF(H70<3,"POOR",IF(H70<4.5,"AVERAGE","EXCELLENT"))) -> NOT PROVIDED | J70: =IF(B70<1000,"LOW PRICE",IF(B70<2000,"MEDIUM PRICE","HIGH PRICE")) -> MEDIUM PRICE
... A114: Black Simple Water Cup Wine Coaster Anti Slip Absorbent | B114: 169 | C114: 320 | D114: =C114-B114 -> 151 | E114: 0.47 | F114: =IF(E114<20%,"LOW DISCOUNT",IF(E114<40%,"MEDIUM DISCOUNT","HIGH DISCOUNT")) -> HIGH DISCOUNT | I114: =IF(ISBLANK(H114),"NOT PROVIDED",IF(H114<3,"POOR",IF(H114<4.5,"AVERAGE","EXCELLENT"))) -> NOT PROVIDED | J114: =IF(B114<1000,"LOW PRICE",IF(B114<2000,"MEDIUM PRICE","HIGH PRICE")) -> LOW PRICE

Sheet TOP 10 BY NUMBER OF REVIEWS
A1: Product | B1: Current price | C1: Old price | D1: Discount Price | E1: Discount | F1: Discount category | G1: Review | H1: Ratingd | I1: Rating Category | J1: Price Category
A2: 115 Piece Set Of Multifunctional Precision Screwdrivers | B2: 950 | C2: 1525 | D2: =C2-B2 -> 575 | E2: 0.38 | F2: =IF(E2<20%,"LOW DISCOUNT",IF(E2<40%,"MEDIUM DISCOUNT","HIGH DISCOUNT")) -> MEDIUM DISCOUNT | G2: 2 | H2: 4.5 | I2: =IF(ISBLANK(H2),"NOT PROVIDED",IF(H2<3,"POOR",IF(H2<4.5,"AVERAGE","EXCELLENT"))) -> EXCELLENT | J2: =IF(B2<1000,"LOW PRICE",IF(B2<2000,"MEDIUM PRICE","HIGH PRICE")) -> LOW PRICE
A3: Metal Decorative Hooks Key Hangers Entryway Wall Hooks Towel Hooks - Home | B3: 527 | C3: 999 | D3: =C3-B3 -> 472 | E3: 0.47 | F3: =IF(E3<20%,"LOW DISCOUNT",IF(E3<40%,"MEDIUM DISCOUNT","HIGH DISCOUNT")) -> HIGH DISCOUNT | G3: 14 | H3: 4.1 | I3: =IF(ISBLANK(H3),"NOT PROVIDED",IF(H3<3,"POOR",IF(H3<4.5,"AVERAGE","EXCELLENT"))) -> AVERAGE | J3: =IF(B3<1000,"LOW PRICE",IF(B3<2000,"MEDIUM PRICE","HIGH PRICE")) -> LOW PRICE
A4: Portable Mini Cordless Car Vacuum Cleaner - Blue | B4: 2199 | C4: 2923 | D4: =C4-B4 -> 724 | E4: 0.25 | F4: =IF(E4<20%,"LOW DISCOUNT",IF(E4<40%,"MEDIUM DISCOUNT","HIGH DISCOUNT")) -> MEDIUM DISCOUNT | G4: 24 | H4: 4.6 | I4: =IF(ISBLANK(H4),"NOT PROVIDED",IF(H4<3,"POOR",IF(H4<4.5,"AVERAGE","EXCELLENT"))) -> EXCELLENT | J4: =IF(B4<1000,"LOW PRICE",IF(B4<2000,"MEDIUM PRICE","HIGH PRICE")) -> HIGH PRICE
A5: Weighing Scale Digital Bathroom Body Fat Scale USB-Black | B5: 1580 | C5: 2499 | D5: =C5-B5 -> 919 | E5: 0.37 | F5: =IF(E5<20%,"LOW DISCOUNT",IF(E5<40%,"MEDIUM DISCOUNT","HIGH DISCOUNT")) -> MEDIUM DISCOUNT | G5: 7 | H5: 4.7 | I5: =IF(ISBLANK(H5),"NOT PROVIDED",IF(H5<3,"POOR",IF(H5<4.5,"AVERAGE","EXCELLENT"))) -> EXCELLENT | J5: =IF(B5<1000,"LOW PRICE",IF(B5<2000,"MEDIUM PRICE","HIGH PRICE")) -> MEDIUM PRICE
A6: Portable Home Small Air Humidifier 3-Speed Fan - Green | B6: 1740 | C6: 2356 | D6: =C6-B6 -> 616 | E6: 0.26 | F6: =IF(E6<20%,"LOW DISCOUNT",IF(E6<40%,"MEDIUM DISCOUNT","HIGH DISCOUNT")) -> MEDIUM DISCOUNT | G6: 5 | H6: 4.8 | I6: =IF(ISBLANK(H6),"NOT PROVIDED",IF(H6<3,"POOR",IF(H6<4.5,"AVERAGE","EXCELLENT"))) -> EXCELLENT | J6: =IF(B6<1000,"LOW PRICE",IF(B6<2000,"MEDIUM PRICE","HIGH PRICE")) -> MEDIUM PRICE
A7: 220V 60W Electric Soldering Iron Kits With Tools, Tips, And Multimeter | B7: 2999 | C7: 3290 | D7: =C7-B7 -> 291 | E7: 0.09 | F7: =IF(E7<20%,"LOW DISCOUNT",IF(E7<40%,"MEDIUM DISCOUNT","HIGH DISCOUNT")) -> LOW DISCOUNT | G7: 15 | H7: 4 | I7: =IF(ISBLANK(H7),"NOT PROVIDED",IF(H7<3,"POOR",IF(H7<4.5,"AVERAGE","EXCELLENT"))) -> AVERAGE | J7: =IF(B7<1000,"LOW PRICE",IF(B7<2000,"MEDIUM PRICE","HIGH PRICE")) -> HIGH PRICE
A8: 137 Pieces Cake Decorating Tool Set Baking Supplies | B8: 2319 | C8: 3032 | D8: =C8-B8 -> 713 | E8: 0.24 | F8: =IF(E8<20%,"LOW DISCOUNT",IF(E8<40%,"MEDIUM DISCOUNT","HIGH DISCOUNT")) -> MEDIUM DISCOUNT | G8: 55 | H8: 4.6 | I8: =IF(ISBLANK(H8),"NOT PROVIDED",IF(H8<3,"POOR",IF(H8<4.5,"AVERAGE","EXCELLENT"))) -> EXCELLENT | J8: =IF(B8<1000,"LOW PRICE",IF(B8<2000,"MEDIUM PRICE","HIGH PRICE")) -> HIGH PRICE
A9: Desk Foldable Fan Adjustable Fan Strong Wind 3 Gear Usb | B9: 988 | C9: 1580 | D9: =C9-B9 -> 592 | E9: 0.37 | F9: =IF(E9<20%,"LOW DISCOUNT",IF(E9<40%,"MEDIUM DISCOUNT","HIGH DISCOUNT")) -> MEDIUM DISCOUNT | G9: 2 | H9: 4 | I9: =IF(ISBLANK(H9),"NOT PROVIDED",IF(H9<3,"POOR",IF(H9<4.5,"AVERAGE","EXCELLENT"))) -> AVERAGE | J9: =IF(B9<1000,"LOW PRICE",IF(B9<2000,"MEDIUM PRICE","HIGH PRICE")) -> LOW PRICE
A10: LASA FOLDING TABLE SERVING STAND | B10: 1274 | C10: 2800 | D10: =C10-B10 -> 1526 | E10: 0.55 | F10: =IF(E10<20%,"LOW DISCOUNT",IF(E10<40%,"MEDIUM DISCOUNT","HIGH DISCOUNT")) -> HIGH DISCOUNT | G10: 5 | H10: 4.8 | I10: =IF(ISBLANK(H10),"NOT PROVIDED",IF(H10<3,"POOR",IF(H10<4.5,"AVERAGE","EXCELLENT"))) -> EXCELLENT | J10: =IF(B10<1000,"LOW PRICE",IF(B10<2000,"MEDIUM PRICE","HIGH PRICE")) -> MEDIUM PRICE
A11: 13 In 1 Home Repair Tools Box Kit Set | B11: 1600 | C11: 2929 | D11: =C11-B11 -> 1329 | E11: 0.45 | F11: =IF(E11<20%,"LOW DISCOUNT",IF(E11<40%,"MEDIUM DISCOUNT","HIGH DISCOUNT")) -> HIGH DISCOUNT | G11: 5 | H11: 3.8 | I11: =IF(ISBLANK(H11),"NOT PROVIDED",IF(H11<3,"POOR",IF(H11<4.5,"AVERAGE","EXCELLENT"))) -> AVERAGE | J11: =IF(B11<1000,"LOW PRICE",IF(B11<2000,"MEDIUM PRICE","HIGH PRICE")) -> MEDIUM PRICE
A12: Genebre 115 In 1 Screwdriver Repairing Tool Set For IPhone Cellphone Hand Tool | B12: 799 | C12: 999 | D12: =C12-B12 -> 200 | E12: 0.2 | F12: =IF(E12<20%,"LOW DISCOUNT",IF(E12<40%,"MEDIUM DISCOUNT","HIGH DISCOUNT")) -> MEDIUM DISCOUNT | G12: 12 | H12: 4.1 | I12: =IF(ISBLANK(H12),"NOT PROVIDED",IF(H12<3,"POOR",IF(H12<4.5,"AVERAGE","EXCELLENT"))) -> AVERAGE | J12: =IF(B12<1000,"LOW PRICE",IF(B12<2000,"MEDIUM PRICE","HIGH PRICE")) -> LOW PRICE
A13: 100 Pcs Crochet Hook Tool Set Knitting Hook Set With Box | B13: 990 | C13: 1500 | D13: =C13-B13 -> 510 | E13: 0.34 | F13: =IF(E13<20%,"LOW DISCOUNT",IF(E13<40%,"MEDIUM DISCOUNT","HIGH DISCOUNT")) -> MEDIUM DISCOUNT | G13: 39 | H13: 4.7 | I13: =IF(ISBLANK(H13),"NOT PROVIDED",IF(H13<3,"POOR",IF(H13<4.5,"AVERAGE","EXCELLENT"))) -> EXCELLENT | J13: =IF(B13<1000,"LOW PRICE",IF(B13<2000,"MEDIUM PRICE","HIGH PRICE")) -> LOW PRICE
... A22: 3PCS Single Head Knitting Crochet Sweater Needle Set | B22: 38 | C22: 80 | D22: =C22-B22 -> 42 | E22: 0.53 | F22: =IF(E22<20%,"LOW DISCOUNT",IF(E22<40%,"MEDIUM DISCOUNT","HIGH DISCOUNT")) -> HIGH DISCOUNT | G22: 13 | H22: 3.3 | I22: =IF(ISBLANK(H22),"NOT PROVIDED",IF(H22<3,"POOR",IF(H22<4.5,"AVERAGE","EXCELLENT"))) -> AVERAGE | J22: =IF(B22<1000,"LOW PRICE",IF(B22<2000,"MEDIUM PRICE","HIGH PRICE")) -> LOW PRICE
A23: 4pcs Bathroom/Kitchen Towel Rack,Roll Paper Holder,Towel Bars,Hook | B23: 1860 | C23: 3220 | D23: =C23-B23 -> 1360 | E23: 0.42 | F23: =IF(E23<20%,"LOW DISCOUNT",IF(E23<40%,"MEDIUM DISCOUNT","HIGH DISCOUNT")) -> HIGH DISCOUNT | I23: =IF(ISBLANK(H23),"NOT PROVIDED",IF(H23<3,"POOR",IF(H23<4.5,"AVERAGE","EXCELLENT"))) -> NOT PROVIDED | J23: =IF(B23<1000,"LOW PRICE",IF(B23<2000,"MEDIUM PRICE","HIGH PRICE")) -> MEDIUM PRICE
A24: LED Romantic Spaceship Starry Sky Projector,Children's Bedroom Night Light-Blue | B24: 880 | C24: 1350 | D24: =C24-B24 -> 470 | E24: 0.35 | F24: =IF(E24<20%,"LOW DISCOUNT",IF(E24<40%,"MEDIUM DISCOUNT","HIGH DISCOUNT")) -> MEDIUM DISCOUNT | G24: 6 | H24: 4 | I24: =IF(ISBLANK(H24),"NOT PROVIDED",IF(H24<3,"POOR",IF(H24<4.5,"AVERAGE","EXCELLENT"))) -> AVERAGE | J24: =IF(B24<1000,"LOW PRICE",IF(B24<2000,"MEDIUM PRICE","HIGH PRICE")) -> LOW PRICE
A25: Foldable Overbed Table/Desk | B25: 1650 | C25: 2150 | D25: =C25-B25 -> 500 | E25: 0.23 | F25: =IF(E25<20%,"LOW DISCOUNT",IF(E25<40%,"MEDIUM DISCOUNT","HIGH DISCOUNT")) -> MEDIUM DISCOUNT | G25: 14 | H25: 4.4 | I25: =IF(ISBLANK(H25),"NOT PROVIDED",IF(H25<3,"POOR",IF(H25<4.5,"AVERAGE","EXCELLENT"))) -> AVERAGE | J25: =IF(B25<1000,"LOW PRICE",IF(B25<2000,"MEDIUM PRICE","HIGH PRICE")) -> MEDIUM PRICE
A26: LASA 3 Tier Bamboo Shoe Bench Storage Shelf | B26: 2048 | C26: 4500 | D26: =C26-B26 -> 2452 | E26: 0.54 | F26: =IF(E26<20%,"LOW DISCOUNT",IF(E26<40%,"MEDIUM DISCOUNT","HIGH DISCOUNT")) -> HIGH DISCOUNT | G26: 7 | H26: 4.3 | I26: =IF(ISBLANK(H26),"NOT PROVIDED",IF(H26<3,"POOR",IF(H26<4.5,"AVERAGE","EXCELLENT"))) -> AVERAGE | J26: =IF(B26<1000,"LOW PRICE",IF(B26<2000,"MEDIUM PRICE","HIGH PRICE")) -> HIGH PRICE
A27: Electronic Digital Display Vernier Caliper | B27: 420 | C27: 647 | D27: =C27-B27 -> 227 | E27: 0.35 | F27: =IF(E27<20%,"LOW DISCOUNT",IF(E27<40%,"MEDIUM DISCOUNT","HIGH DISCOUNT")) -> MEDIUM DISCOUNT | G27: 49 | H27: 4.6 | I27: =IF(ISBLANK(H27),"NOT PROVIDED",IF(H27<3,"POOR",IF(H27<4.5,"AVERAGE","EXCELLENT"))) -> EXCELLENT | J27: =IF(B27<1000,"LOW PRICE",IF(B27<2000,"MEDIUM PRICE","HIGH PRICE")) -> LOW PRICE
A28: Portable Wardrobe Nonwoven With 3 Hanging Rods And 6 Storage Shelves | B28: 2880 | C28: 3520 | D28: =C28-B28 -> 640 | E28: 0.18 | F28: =IF(E28<20%,"LOW DISCOUNT",IF(E28<40%,"MEDIUM DISCOUNT","HIGH DISCOUNT")) -> LOW DISCOUNT | G28: 12 | H28: 3.8 | I28: =IF(ISBLANK(H28),"NOT PROVIDED",IF(H28<3,"POOR",IF(H28<4.5,"AVERAGE","EXCELLENT"))) -> AVERAGE | J28: =IF(B28<1000,"LOW PRICE",IF(B28<2000,"MEDIUM PRICE","HIGH PRICE")) -> HIGH PRICE
A29: 12 Litre Black Insulated Lunch Box | B29: 1350 | C29: 1990 | D29: =C29-B29 -> 640 | E29: 0.32 | F29: =IF(E29<20%,"LOW DISCOUNT",IF(E29<40%,"MEDIUM DISCOUNT","HIGH DISCOUNT")) -> MEDIUM DISCOUNT | G29: 13 | H29: 3.8 | I29: =IF(ISBLANK(H29),"NOT PROVIDED",IF(H29<3,"POOR",IF(H29<4.5,"AVERAGE","EXCELLENT"))) -> AVERAGE | J29: =IF(B29<1000,"LOW PRICE",IF(B29<2000,"MEDIUM PRICE","HIGH PRICE")) -> MEDIUM PRICE
A30: 52 Pieces Cake Decorating Tool Set Gift Kit Baking Supplies | B30: 1758 | C30: 2499 | D30: =C30-B30 -> 741 | E30: 0.3 | F30: =IF(E30<20%,"LOW DISCOUNT",IF(E30<40%,"MEDIUM DISCOUNT","HIGH DISCOUNT")) -> MEDIUM DISCOUNT | G30: 20 | H30: 4.1 | I30: =IF(ISBLANK(H30),"NOT PROVIDED",IF(H30<3,"POOR",IF(H30<4.5,"AVERAGE","EXCELLENT"))) -> AVERAGE | J30: =IF(B30<1000,"LOW PRICE",IF(B30<2000,"MEDIUM PRICE","HIGH PRICE")) -> MEDIUM PRICE
A31: MultiFunctional Storage Rack Multi-layer Bookshelf | B31: 2200 | C31: 4080 | D31: =C31-B31 -> 1880 | E31: 0.46 | F31: =IF(E31<20%,"LOW DISCOUNT",IF(E31<40%,"MEDIUM DISCOUNT","HIGH DISCOUNT")) -> HIGH DISCOUNT | I31: =IF(ISBLANK(H31),"NOT PROVIDED",IF(H31<3,"POOR",IF(H31<4.5,"AVERAGE","EXCELLENT"))) -> NOT PROVIDED | J31: =IF(B31<1000,"LOW PRICE",IF(B31<2000,"MEDIUM PRICE","HIGH PRICE")) -> HIGH PRICE
A32: Exfoliate And Exfoliate Face Towel - Black | B32: 185 | C32: 382 | D32: =C32-B32 -> 197 | E32: 0.52 | F32: =IF(E32<20%,"LOW DISCOUNT",IF(E32<40%,"MEDIUM DISCOUNT","HIGH DISCOUNT")) -> HIGH DISCOUNT | G32: 9 | H32: 4.3 | I32: =IF(ISBLANK(H32),"NOT PROVIDED",IF(H32<3,"POOR",IF(H32<4.5,"AVERAGE","EXCELLENT"))) -> AVERAGE | J32: =IF(B32<1000,"LOW PRICE",IF(B32<2000,"MEDIUM PRICE","HIGH PRICE")) -> LOW PRICE
A33: 12 Litre Insulated Lunch Box Grey | B33: 980 | C33: 1490 | D33: =C33-B33 -> 510 | E33: 0.34 | F33: =IF(E33<20%,"LOW DISCOUNT",IF(E33<40%,"MEDIUM DISCOUNT","HIGH DISCOUNT")) -> MEDIUM DISCOUNT | G33: 12 | H33: 4.7 | I33: =IF(ISBLANK(H33),"NOT PROVIDED",IF(H33<3,"POOR",IF(H33<4.5,"AVERAGE","EXCELLENT"))) -> EXCELLENT | J33: =IF(B33<1000,"LOW PRICE",IF(B33<2000,"MEDIUM PRICE","HIGH PRICE")) -> LOW PRICE
A34: LED Eye Protection Desk Lamp , Study, Reading, USB Fan - Double Pen Holder | B34: 1820 | C34: 3490 | D34: =C34-B34 -> 1670 | E34: 0.48 | F34: =IF(E34<20%,"LOW DISCOUNT",IF(E34<40%,"MEDIUM DISCOUNT","HIGH DISCOUNT")) -> HIGH DISCOUNT | G34: 9 | H34: 4.3 | I34: =IF(ISBLANK(H34),"NOT PROVIDED",IF(H34<3,"POOR",IF(H34<4.5,"AVERAGE","EXCELLENT"))) -> AVERAGE | J34: =IF(B34<1000,"LOW PRICE",IF(B34<2000,"MEDIUM PRICE","HIGH PRICE")) -> MEDIUM PRICE
A35: 53Pcs/Set Yarn Knitting Crochet Hooks With Bag - Fortune Cat | B35: 1940 | C35: 2650 | D35: =C35-B35 -> 710 | E35: 0.27 | F35: =IF(E35<20%,"LOW DISCOUNT",IF(E35<40%,"MEDIUM DISCOUNT","HIGH DISCOUNT")) -> MEDIUM DISCOUNT | G35: 20 | H35: 4.7 | I35: =IF(ISBLANK(H35),"NOT PROVIDED",IF(H35<3,"POOR",IF(H35<4.5,"AVERAGE","EXCELLENT"))) -> EXCELLENT | J35: =IF(B35<1000,"LOW PRICE",IF(B35<2000,"MEDIUM PRICE","HIGH PRICE")) -> MEDIUM PRICE
A36: 53 Pieces/Set Yarn Knitting Crochet Hooks With Bag - Pansies | B36: 1980 | C36: 2699 | D36: =C36-B36 -> 719 | E36: 0.27 | F36: =IF(E36<20%,"LOW DISCOUNT",IF(E36<40%,"MEDIUM DISCOUNT","HIGH DISCOUNT")) -> MEDIUM DISCOUNT | G36: 32 | H36: 4.5 | I36: =IF(ISBLANK(H36),"NOT PROVIDED",IF(H36<3,"POOR",IF(H36<4.5,"AVERAGE","EXCELLENT"))) -> EXCELLENT | J36: =IF(B36<1000,"LOW PRICE",IF(B36<2000,"MEDIUM PRICE","HIGH PRICE")) -> MEDIUM PRICE
A37: DIY File Folder, Office Drawer File Holder, Pen Holder, Desktop Storage Rack | B37: 1620 | C37: 2690 | D37: =C37-B37 -> 1070 | E37: 0.4 | F37: =IF(E37<20%,"LOW DISCOUNT",IF(E37<40%,"MEDIUM DISCOUNT","HIGH DISCOUNT")) -> HIGH DISCOUNT | G37: 1 | H37: 5 | I37: =IF(ISBLANK(H37),"NOT PROVIDED",IF(H37<3,"POOR",IF(H37<4.5,"AVERAGE","EXCELLENT"))) -> EXCELLENT | J37: =IF(B37<1000,"LOW PRICE",IF(B37<2000,"MEDIUM PRICE","HIGH PRICE")) -> MEDIUM PRICE
A38: Classic Black Cat Cotton Hemp Pillow Case For Home Car | B38: 171 | C38: 360 | D38: =C38-B38 -> 189 | E38: 0.53 | F38: =IF(E38<20%,"LOW DISCOUNT",IF(E38<40%,"MEDIUM DISCOUNT","HIGH DISCOUNT")) -> HIGH DISCOUNT | G38: 2 | H38: 5 | I38: =IF(ISBLANK(H38),"NOT PROVIDED",IF(H38<3,"POOR",IF(H38<4.5,"AVERAGE","EXCELLENT"))) -> EXCELLENT | J38: =IF(B38<1000,"LOW PRICE",IF(B38<2000,"MEDIUM PRICE","HIGH PRICE")) -> LOW PRICE
A39: Punch-free Great Load Bearing Bathroom Storage Rack Wall Shelf-White | B39: 389 | C39: 656 | D39: =C39-B39 -> 267 | E39: 0.41 | F39: =IF(E39<20%,"LOW DISCOUNT",IF(E39<40%,"MEDIUM DISCOUNT","HIGH DISCOUNT")) -> HIGH DISCOUNT | G39: 36 | H39: 4.3 | I39: =IF(ISBLANK(H39),"NOT PROVIDED",IF(H39<3,"POOR",IF(H39<4.5,"AVERAGE","EXCELLENT"))) -> AVERAGE | J39: =IF(B39<1000,"LOW PRICE",IF(B39<2000,"MEDIUM PRICE","HIGH PRICE")) -> LOW PRICE
A40: 1/2/3 Seater Elastic Sofa Cover,Living Room | B40: 1620 | C40: 2200 | D40: =C40-B40 -> 580 | E40: 0.26 | F40: =IF(E40<20%,"LOW DISCOUNT",IF(E40<40%,"MEDIUM DISCOUNT","HIGH DISCOUNT")) -> MEDIUM DISCOUNT | G40: 2 | H40: 4.5 | I40: =IF(ISBLANK(H40),"NOT PROVIDED",IF(H40<3,"POOR",IF(H40<4.5,"AVERAGE","EXCELLENT"))) -> EXCELLENT | J40: =IF(B40<1000,"LOW PRICE",IF(B40<2000,"MEDIUM PRICE","HIGH PRICE")) -> MEDIUM PRICE
A41: Home Decor Chair Cover-Grey | B41: 1980 | C41: 3200 | D41: =C41-B41 -> 1220 | E41: 0.38 | F41: =IF(E41<20%,"LOW DISCOUNT",IF(E41<40%,"MEDIUM DISCOUNT","HIGH DISCOUNT")) -> MEDIUM DISCOUNT | I41: =IF(ISBLANK(H41),"NOT PROVIDED",IF(H41<3,"POOR",IF(H41<4.5,"AVERAGE","EXCELLENT"))) -> NOT PROVIDED | J41: =IF(B41<1000,"LOW PRICE",IF(B41<2000,"MEDIUM PRICE","HIGH PRICE")) -> MEDIUM PRICE
A42: LASA Stainless Steel Double Wall Mount Soap Dispenser - 500ml | B42: 2750 | C42: 4471 | D42: =C42-B42 -> 1721 | E42: 0.38 | F42: =IF(E42<20%,"LOW DISCOUNT",IF(E42<40%,"MEDIUM DISCOUNT","HIGH DISCOUNT")) -> MEDIUM DISCOUNT | I42: =IF(ISBLANK(H42),"NOT PROVIDED",IF(H42<3,"POOR",IF(H42<4.5,"AVERAGE","EXCELLENT"))) -> NOT PROVIDED | J42: =IF(B42<1000,"LOW PRICE",IF(B42<2000,"MEDIUM PRICE","HIGH PRICE")) -> HIGH PRICE
A43: 4M Float Switch Water Level Controller -Water Tank | B43: 475 | C43: 931 | D43: =C43-B43 -> 456 | E43: 0.49 | F43: =IF(E43<20%,"LOW DISCOUNT",IF(E43<40%,"MEDIUM DISCOUNT","HIGH DISCOUNT")) -> HIGH DISCOUNT | I43: =IF(ISBLANK(H43),"NOT PROVIDED",IF(H43<3,"POOR",IF(H43<4.5,"AVERAGE","EXCELLENT"))) -> NOT PROVIDED | J43: =IF(B43<1000,"LOW PRICE",IF(B43<2000,"MEDIUM PRICE","HIGH PRICE")) -> LOW PRICE
A44: Modern Sofa Throw Pillow Cover-45x45cm-Blue&Red | B44: 238 | C44: 476 | D44: =C44-B44 -> 238 | E44: 0.5 | F44: =IF(E44<20%,"LOW DISCOUNT",IF(E44<40%,"MEDIUM DISCOUNT","HIGH DISCOUNT")) -> HIGH DISCOUNT | I44: =IF(ISBLANK(H44),"NOT PROVIDED",IF(H44<3,"POOR",IF(H44<4.5,"AVERAGE","EXCELLENT"))) -> NOT PROVIDED | J44: =IF(B44<1000,"LOW PRICE",IF(B44<2000,"MEDIUM PRICE","HIGH PRICE")) -> LOW PRICE
A45: Balloon Insert, Birthday Party Balloon Set, PU Leather | B45: 610 | C45: 1060 | D45: =C45-B45 -> 450 | E45: 0.42 | F45: =IF(E45<20%,"LOW DISCOUNT",IF(E45<40%,"MEDIUM DISCOUNT","HIGH DISCOUNT")) -> HIGH DISCOUNT | I45: =IF(ISBLANK(H45),"NOT PROVIDED",IF(H45<3,"POOR",IF(H45<4.5,"AVERAGE","EXCELLENT"))) -> NOT PROVIDED | J45: =IF(B45<1000,"LOW PRICE",IF(B45<2000,"MEDIUM PRICE","HIGH PRICE")) -> LOW PRICE
A46: Shower Cap Wide Elastic Band Cover Reusable Bashroom Cap | B46: 2132 | C46: 2169 | D46: =C46-B46 -> 37 | E46: 0.02 | F46: =IF(E46<20%,"LOW DISCOUNT",IF(E46<40%,"MEDIUM DISCOUNT","HIGH DISCOUNT")) -> LOW DISCOUNT | I46: =IF(ISBLANK(H46),"NOT PROVIDED",IF(H46<3,"POOR",IF(H46<4.5,"AVERAGE","EXCELLENT"))) -> NOT PROVIDED | J46: =IF(B46<1000,"LOW PRICE",IF(B46<2000,"MEDIUM PRICE","HIGH PRICE")) -> HIGH PRICE
A47: Christmas Elk Fence Yard Lawn Decorations Cute For Holidays | B47: 999 | C47: 2000 | D47: =C47-B47 -> 1001 | E47: 0.5 | F47: =IF(E47<20%,"LOW DISCOUNT",IF(E47<40%,"MEDIUM DISCOUNT","HIGH DISCOUNT")) -> HIGH DISCOUNT | I47: =IF(ISBLANK(H47),"NOT PROVIDED",IF(H47<3,"POOR",IF(H47<4.5,"AVERAGE","EXCELLENT"))) -> NOT PROVIDED | J47: =IF(B47<1000,"LOW PRICE",IF(B47<2000,"MEDIUM PRICE","HIGH PRICE")) -> LOW PRICE
A48: 60W Hot Melt Glue Sprayer - Efficient And Stable Glue Dispensing | B48: 1190 | C48: 1785 | D48: =C48-B48 -> 595 | E48: 0.33 | F48: =IF(E48<20%,"LOW DISCOUNT",IF(E48<40%,"MEDIUM DISCOUNT","HIGH DISCOUNT")) -> MEDIUM DISCOUNT | I48: =IF(ISBLANK(H48),"NOT PROVIDED",IF(H48<3,"POOR",IF(H48<4.5,"AVERAGE","EXCELLENT"))) -> NOT PROVIDED | J48: =IF(B48<1000,"LOW PRICE",IF(B48<2000,"MEDIUM PRICE","HIGH PRICE")) -> MEDIUM PRICE
A49: Car Phone Charging Stand | B49: 671 | C49: 1316 | D49: =C49-B49 -> 645 | E49: 0.49 | F49: =IF(E49<20%,"LOW DISCOUNT",IF(E49<40%,"MEDIUM DISCOUNT","HIGH DISCOUNT")) -> HIGH DISCOUNT | I49: =IF(ISBLANK(H49),"NOT PROVIDED",IF(H49<3,"POOR",IF(H49<4.5,"AVERAGE","EXCELLENT"))) -> NOT PROVIDED | J49: =IF(B49<1000,"LOW PRICE",IF(B49<2000,"MEDIUM PRICE","HIGH PRICE")) -> LOW PRICE
A50: 2pcs Solar Street Light Flood Light Outdoor | B50: 1200 | C50: 1950 | D50: =C50-B50 -> 750 | E50: 0.38 | F50: =IF(E50<20%,"LOW DISCOUNT",IF(E50<40%,"MEDIUM DISCOUNT","HIGH DISCOUNT")) -> MEDIUM DISCOUNT | I50: =IF(ISBLANK(H50),"NOT PROVIDED",IF(H50<3,"POOR",IF(H50<4.5,"AVERAGE","EXCELLENT"))) -> NOT PROVIDED | J50: =IF(B50<1000,"LOW PRICE",IF(B50<2000,"MEDIUM PRICE","HIGH PRICE")) -> MEDIUM PRICE
A51: Creative Owl Shape Keychain Black | B51: 199 | C51: 504 | D51: =C51-B51 -> 305 | E51: 0.61 | F51: =IF(E51<20%,"LOW DISCOUNT",IF(E51<40%,"MEDIUM DISCOUNT","HIGH DISCOUNT")) -> HIGH DISCOUNT | I51: =IF(ISBLANK(H51),"NOT PROVIDED",IF(H51<3,"POOR",IF(H51<4.5,"AVERAGE","EXCELLENT"))) -> NOT PROVIDED | J51: =IF(B51<1000,"LOW PRICE",IF(B51<2000,"MEDIUM PRICE","HIGH PRICE")) -> LOW PRICE
A52: Brush & Paintbrush Cleaning Tool Pink | B52: 299 | C52: 600 | D52: =C52-B52 -> 301 | E52: 0.5 | F52: =IF(E52<20%,"LOW DISCOUNT",IF(E52<40%,"MEDIUM DISCOUNT","HIGH DISCOUNT")) -> HIGH DISCOUNT | I52: =IF(ISBLANK(H52),"NOT PROVIDED",IF(H52<3,"POOR",IF(H52<4.5,"AVERAGE","EXCELLENT"))) -> NOT PROVIDED | J52: =IF(B52<1000,"LOW PRICE",IF(B52<2000,"MEDIUM PRICE","HIGH PRICE")) -> LOW PRICE
... A61: Simple Metal Dog Art Sculpture Decoration For Home Office | B61: 399 | C61: 896 | D61: =C61-B61 -> 497 | E61: 0.55 | F61: =IF(E61<20%,"LOW DISCOUNT",IF(E61<40%,"MEDIUM DISCOUNT","HIGH DISCOUNT")) -> HIGH DISCOUNT | I61: =IF(ISBLANK(H61),"NOT PROVIDED",IF(H61<3,"POOR",IF(H61<4.5,"AVERAGE","EXCELLENT"))) -> NOT PROVIDED | J61: =IF(B61<1000,"LOW PRICE",IF(B61<2000,"MEDIUM PRICE","HIGH PRICE")) -> LOW PRICE
A62: 5 Pieces/set Of Stainless Steel Induction Cooker Pots | B62: 2170 | C62: 2500 | D62: =C62-B62 -> 330 | E62: 0.13 | F62: =IF(E62<20%,"LOW DISCOUNT",IF(E62<40%,"MEDIUM DISCOUNT","HIGH DISCOUNT")) -> LOW DISCOUNT | G62: 6 | H62: 2.5 | I62: =IF(ISBLANK(H62),"NOT PROVIDED",IF(H62<3,"POOR",IF(H62<4.5,"AVERAGE","EXCELLENT"))) -> POOR | J62: =IF(B62<1000,"LOW PRICE",IF(B62<2000,"MEDIUM PRICE","HIGH PRICE")) -> HIGH PRICE
A63: Mythco 120COB Solar Wall Ligt With Motion Sensor And Remote Control 3 Modes | B63: 458 | C63: 986 | D63: =C63-B63 -> 528 | E63: 0.54 | F63: =IF(E63<20%,"LOW DISCOUNT",IF(E63<40%,"MEDIUM DISCOUNT","HIGH DISCOUNT")) -> HIGH DISCOUNT | G63: 10 | H63: 3 | I63: =IF(ISBLANK(H63),"NOT PROVIDED",IF(H63<3,"POOR",IF(H63<4.5,"AVERAGE","EXCELLENT"))) -> AVERAGE | J63: =IF(B63<1000,"LOW PRICE",IF(B63<2000,"MEDIUM PRICE","HIGH PRICE")) -> LOW PRICE
A64: 5-PCS Stainless Steel Cooking Pot Set With Steamed Slices | B64: 2115 | C64: 4700 | D64: =C64-B64 -> 2585 | E64: 0.55 | F64: =IF(E64<20%,"LOW DISCOUNT",IF(E64<40%,"MEDIUM DISCOUNT","HIGH DISCOUNT")) -> HIGH DISCOUNT | G64: 13 | H64: 2.1 | I64: =IF(ISBLANK(H64),"NOT PROVIDED",IF(H64<3,"POOR",IF(H64<4.5,"AVERAGE","EXCELLENT"))) -> POOR | J64: =IF(B64<1000,"LOW PRICE",IF(B64<2000,"MEDIUM PRICE","HIGH PRICE")) -> HIGH PRICE
A65: 120W Cordless Vacuum Cleaners Handheld Electric Vacuum Cleaner | B65: 445 | C65: 873 | D65: =C65-B65 -> 428 | E65: 0.49 | F65: =IF(E65<20%,"LOW DISCOUNT",IF(E65<40%,"MEDIUM DISCOUNT","HIGH DISCOUNT")) -> HIGH DISCOUNT | G65: 69 | H65: 2.8 | I65: =IF(ISBLANK(H65),"NOT PROVIDED",IF(H65<3,"POOR",IF(H65<4.5,"AVERAGE","EXCELLENT"))) -> POOR | J65: =IF(B65<1000,"LOW PRICE",IF(B65<2000,"MEDIUM PRICE","HIGH PRICE")) -> LOW PRICE
A66: Intelligent LED Body Sensor Wireless Lighting Night Light USB | B66: 325 | C66: 680 | D66: =C66-B66 -> 355 | E66: 0.52 | F66: =IF(E66<20%,"LOW DISCOUNT",IF(E66<40%,"MEDIUM DISCOUNT","HIGH DISCOUNT")) -> HIGH DISCOUNT | G66: 15 | H66: 2.7 | I66: =IF(ISBLANK(H66),"NOT PROVIDED",IF(H66<3,"POOR",IF(H66<4.5,"AVERAGE","EXCELLENT"))) -> POOR | J66: =IF(B66<1000,"LOW PRICE",IF(B66<2000,"MEDIUM PRICE","HIGH PRICE")) -> LOW PRICE
A67: VIC Wireless Vacuum Cleaner Dual Use For Home And Car 120W High Power Powerful | B67: 1220 | C67: 1555 | D67: =C67-B67 -> 335 | E67: 0.22 | F67: =IF(E67<20%,"LOW DISCOUNT",IF(E67<40%,"MEDIUM DISCOUNT","HIGH DISCOUNT")) -> MEDIUM DISCOUNT | G67: 16 | H67: 2.9 | I67: =IF(ISBLANK(H67),"NOT PROVIDED",IF(H67<3,"POOR",IF(H67<4.5,"AVERAGE","EXCELLENT"))) -> POOR | J67: =IF(B67<1000,"LOW PRICE",IF(B67<2000,"MEDIUM PRICE","HIGH PRICE")) -> MEDIUM PRICE
A68: Artificial Potted Flowers Room Decorative Flowers (2 Pieces) | B68: 990 | C68: 1814 | D68: =C68-B68 -> 824 | E68: 0.45 | F68: =IF(E68<20%,"LOW DISCOUNT",IF(E68<40%,"MEDIUM DISCOUNT","HIGH DISCOUNT")) -> HIGH DISCOUNT | G68: 6 | H68: 2.2 | I68: =IF(ISBLANK(H68),"NOT PROVIDED",IF(H68<3,"POOR",IF(H68<4.5,"AVERAGE","EXCELLENT"))) -> POOR | J68: =IF(B68<1000,"LOW PRICE",IF(B68<2000,"MEDIUM PRICE","HIGH PRICE")) -> LOW PRICE
A69: 380ML USB Rechargeable Portable Small Blenders And Juicers | B69: 1000 | C69: 2000 | D69: =C69-B69 -> 1000 | E69: 0.5 | F69: =IF(E69<20%,"LOW DISCOUNT",IF(E69<40%,"MEDIUM DISCOUNT","HIGH DISCOUNT")) -> HIGH DISCOUNT | G69: 7 | H69: 2.3 | I69: =IF(ISBLANK(H69),"NOT PROVIDED",IF(H69<3,"POOR",IF(H69<4.5,"AVERAGE","EXCELLENT"))) -> POOR | J69: =IF(B69<1000,"LOW PRICE",IF(B69<2000,"MEDIUM PRICE","HIGH PRICE")) -> MEDIUM PRICE
A70: 32PCS Portable Cordless Drill Set With Cyclic Battery Drive -26 Variable Speed | B70: 3750 | C70: 6143 | D70: =C70-B70 -> 2393 | E70: 0.39 | F70: =IF(E70<20%,"LOW DISCOUNT",IF(E70<40%,"MEDIUM DISCOUNT","HIGH DISCOUNT")) -> MEDIUM DISCOUNT | G70: 5 | H70: 3 | I70: =IF(ISBLANK(H70),"NOT PROVIDED",IF(H70<3,"POOR",IF(H70<4.5,"AVERAGE","EXCELLENT"))) -> AVERAGE | J70: =IF(B70<1000,"LOW PRICE",IF(B70<2000,"MEDIUM PRICE","HIGH PRICE")) -> HIGH PRICE
A71: Agapeon Toothbrush Holder And Toothpaste Dispenser | B71: 382 | C71: 700 | D71: =C71-B71 -> 318 | E71: 0.45 | F71: =IF(E71<20%,"LOW DISCOUNT",IF(E71<40%,"MEDIUM DISCOUNT","HIGH DISCOUNT")) -> HIGH DISCOUNT | G71: 17 | H71: 2.6 | I71: =IF(ISBLANK(H71),"NOT PROVIDED",IF(H71<3,"POOR",IF(H71<4.5,"AVERAGE","EXCELLENT"))) -> POOR | J71: =IF(B71<1000,"LOW PRICE",IF(B71<2000,"MEDIUM PRICE","HIGH PRICE")) -> LOW PRICE
A72: Large Lazy Inflatable Sofa Chairs PVC Lounger Seat Bag | B72: 2300 | C72: 3240 | D72: =C72-B72 -> 940 | E72: 0.29 | F72: =IF(E72<20%,"LOW DISCOUNT",IF(E72<40%,"MEDIUM DISCOUNT","HIGH DISCOUNT")) -> MEDIUM DISCOUNT | G72: 5 | H72: 3 | I72: =IF(ISBLANK(H72),"NOT PROVIDED",IF(H72<3,"POOR",IF(H72<4.5,"AVERAGE","EXCELLENT"))) -> AVERAGE | J72: =IF(B72<1000,"LOW PRICE",IF(B72<2000,"MEDIUM PRICE","HIGH PRICE")) -> HIGH PRICE
A73: Watercolour Gold Foil Textured Print Pillow Cover | B73: 345 | C73: 602 | D73: =C73-B73 -> 257 | E73: 0.43 | F73: =IF(E73<20%,"LOW DISCOUNT",IF(E73<40%,"MEDIUM DISCOUNT","HIGH DISCOUNT")) -> HIGH DISCOUNT | G73: 6 | H73: 2.3 | I73: =IF(ISBLANK(H73),"NOT PROVIDED",IF(H73<3,"POOR",IF(H73<4.5,"AVERAGE","EXCELLENT"))) -> POOR | J73: =IF(B73<1000,"LOW PRICE",IF(B73<2000,"MEDIUM PRICE","HIGH PRICE")) -> LOW PRICE
... A76: Electric LED UV Mosquito Killer Lamp, Outdoor/Indoor Fly Killer Trap Light -USB | B76: 1570 | C76: 2988 | D76: =C76-B76 -> 1418 | E76: 0.47 | F76: =IF(E76<20%,"LOW DISCOUNT",IF(E76<40%,"MEDIUM DISCOUNT","HIGH DISCOUNT")) -> HIGH DISCOUNT | G76: 7 | H76: 2.1 | I76: =IF(ISBLANK(H76),"NOT PROVIDED",IF(H76<3,"POOR",IF(H76<4.5,"AVERAGE","EXCELLENT"))) -> POOR | J76: =IF(B76<1000,"LOW PRICE",IF(B76<2000,"MEDIUM PRICE","HIGH PRICE")) -> MEDIUM PRICE
A77: 2PCS/LOT Solar LED Outdoor Intelligent Light Controlled Wall Lamp | B77: 790 | C77: 1485 | D77: =C77-B77 -> 695 | E77: 0.47 | F77: =IF(E77<20%,"LOW DISCOUNT",IF(E77<40%,"MEDIUM DISCOUNT","HIGH DISCOUNT")) -> HIGH DISCOUNT | I77: =IF(ISBLANK(H77),"NOT PROVIDED",IF(H77<3,"POOR",IF(H77<4.5,"AVERAGE","EXCELLENT"))) -> NOT PROVIDED | J77: =IF(B77<1000,"LOW PRICE",IF(B77<2000,"MEDIUM PRICE","HIGH PRICE")) -> LOW PRICE
A78: 3PCS Rotary Scraper Thermomix For Kitchen | B78: 690 | C78: 1200 | D78: =C78-B78 -> 510 | E78: 0.43 | F78: =IF(E78<20%,"LOW DISCOUNT",IF(E78<40%,"MEDIUM DISCOUNT","HIGH DISCOUNT")) -> HIGH DISCOUNT | I78: =IF(ISBLANK(H78),"NOT PROVIDED",IF(H78<3,"POOR",IF(H78<4.5,"AVERAGE","EXCELLENT"))) -> NOT PROVIDED | J78: =IF(B78<1000,"LOW PRICE",IF(B78<2000,"MEDIUM PRICE","HIGH PRICE")) -> LOW PRICE
A79: Cushion Silicone Butt Cushion Summer Ice Cushion Honeycomb Gel Cushion | B79: 1732 | C79: 1799 | D79: =C79-B79 -> 67 | E79: 0.04 | F79: =IF(E79<20%,"LOW DISCOUNT",IF(E79<40%,"MEDIUM DISCOUNT","HIGH DISCOUNT")) -> LOW DISCOUNT | I79: =IF(ISBLANK(H79),"NOT PROVIDED",IF(H79<3,"POOR",IF(H79<4.5,"AVERAGE","EXCELLENT"))) -> NOT PROVIDED | J79: =IF(B79<1000,"LOW PRICE",IF(B79<2000,"MEDIUM PRICE","HIGH PRICE")) -> MEDIUM PRICE
A80: 7PCS Silicone Thumb Knife Finger Protector Vegetable Harvesting Knife | B80: 230 | C80: 450 | D80: =C80-B80 -> 220 | E80: 0.49 | F80: =IF(E80<20%,"LOW DISCOUNT",IF(E80<40%,"MEDIUM DISCOUNT","HIGH DISCOUNT")) -> HIGH DISCOUNT | I80: =IF(ISBLANK(H80),"NOT PROVIDED",IF(H80<3,"POOR",IF(H80<4.5,"AVERAGE","EXCELLENT"))) -> NOT PROVIDED | J80: =IF(B80<1000,"LOW PRICE",IF(B80<2000,"MEDIUM PRICE","HIGH PRICE")) -> LOW PRICE
A81: Memory Foam Neck Pillow Cover, With Pillow Core - 50*30cm | B81: 1189 | C81: 2199 | D81: =C81-B81 -> 1010 | E81: 0.46 | F81: =IF(E81<20%,"LOW DISCOUNT",IF(E81<40%,"MEDIUM DISCOUNT","HIGH DISCOUNT")) -> HIGH DISCOUNT | G81: 1 | H81: 3 | I81: =IF(ISBLANK(H81),"NOT PROVIDED",IF(H81<3,"POOR",IF(H81<4.5,"AVERAGE","EXCELLENT"))) -> AVERAGE | J81: =IF(B81<1000,"LOW PRICE",IF(B81<2000,"MEDIUM PRICE","HIGH PRICE")) -> MEDIUM PRICE
A82: Bedroom Simple Floor Hanging Clothes Rack Single Pole Hat Rack - White | B82: 979 | C82: 1920 | D82: =C82-B82 -> 941 | E82: 0.49 | F82: =IF(E82<20%,"LOW DISCOUNT",IF(E82<40%,"MEDIUM DISCOUNT","HIGH DISCOUNT")) -> HIGH DISCOUNT | G82: 1 | H82: 5 | I82: =IF(ISBLANK(H82),"NOT PROVIDED",IF(H82<3,"POOR",IF(H82<4.5,"AVERAGE","EXCELLENT"))) -> EXCELLENT | J82: =IF(B82<1000,"LOW PRICE",IF(B82<2000,"MEDIUM PRICE","HIGH PRICE")) -> LOW PRICE
A83: 5m Waterproof Spherical LED String Lights Outdoor Ball Chain Lights Party Lighting Decoration Adjustable | B83: 1460 | C83: 2290 | D83: =C83-B83 -> 830 | E83: 0.36 | F83: =IF(E83<20%,"LOW DISCOUNT",IF(E83<40%,"MEDIUM DISCOUNT","HIGH DISCOUNT")) -> MEDIUM DISCOUNT | I83: =IF(ISBLANK(H83),"NOT PROVIDED",IF(H83<3,"POOR",IF(H83<4.5,"AVERAGE","EXCELLENT"))) -> NOT PROVIDED | J83: =IF(B83<1000,"LOW PRICE",IF(B83<2000,"MEDIUM PRICE","HIGH PRICE")) -> MEDIUM PRICE
A84: 2 Pairs Cowhide Split Leather Work Gloves.32â„‰ Or Above Welding Gloves | B84: 1666 | C84: 1699 | D84: =C84-B84 -> 33 | E84: 0.02 | F84: =IF(E84<20%,"LOW DISCOUNT",IF(E84<40%,"MEDIUM DISCOUNT","HIGH DISCOUNT")) -> LOW DISCOUNT | I84: =IF(ISBLANK(H84),"NOT PROVIDED",IF(H84<3,"POOR",IF(H84<4.5,"AVERAGE","EXCELLENT"))) -> NOT PROVIDED | J84: =IF(B84<1000,"LOW PRICE",IF(B84<2000,"MEDIUM PRICE","HIGH PRICE")) -> MEDIUM PRICE
A85: Household Pineapple Peeler Peeler | B85: 330 | C85: 647 | D85: =C85-B85 -> 317 | E85: 0.49 | F85: =IF(E85<20%,"LOW DISCOUNT",IF(E85<40%,"MEDIUM DISCOUNT","HIGH DISCOUNT")) -> HIGH DISCOUNT | G85: 1 | H85: 4 | I85: =IF(ISBLANK(H85),"NOT PROVIDED",IF(H85<3,"POOR",IF(H85<4.5,"AVERAGE","EXCELLENT"))) -> AVERAGE | J85: =IF(B85<1000,"LOW PRICE",IF(B85<2000,"MEDIUM PRICE","HIGH PRICE")) -> LOW PRICE
A86: Creative Owl Shape Keychain Black | B86: 176 | C86: 345 | D86: =C86-B86 -> 169 | E86: 0.49 | F86: =IF(E86<20%,"LOW DISCOUNT",IF(E86<40%,"MEDIUM DISCOUNT","HIGH DISCOUNT")) -> HIGH DISCOUNT | I86: =IF(ISBLANK(H86),"NOT PROVIDED",IF(H86<3,"POOR",IF(H86<4.5,"AVERAGE","EXCELLENT"))) -> NOT PROVIDED | J86: =IF(B86<1000,"LOW PRICE",IF(B86<2000,"MEDIUM PRICE","HIGH PRICE")) -> LOW PRICE
A87: Office Chair Lumbar Back Support Spine Posture Correction Pillow Car Cushion | B87: 1466 | C87: 1699 | D87: =C87-B87 -> 233 | E87: 0.14 | F87: =IF(E87<20%,"LOW DISCOUNT",IF(E87<40%,"MEDIUM DISCOUNT","HIGH DISCOUNT")) -> LOW DISCOUNT | I87: =IF(ISBLANK(H87),"NOT PROVIDED",IF(H87<3,"POOR",IF(H87<4.5,"AVERAGE","EXCELLENT"))) -> NOT PROVIDED | J87: =IF(B87<1000,"LOW PRICE",IF(B87<2000,"MEDIUM PRICE","HIGH PRICE")) -> MEDIUM PRICE
A88: Cartoon Car Decoration Cute Individuality For Car Home Desk | B88: 274 | C88: 537 | D88: =C88-B88 -> 263 | E88: 0.49 | F88: =IF(E88<20%,"LOW DISCOUNT",IF(E88<40%,"MEDIUM DISCOUNT","HIGH DISCOUNT")) -> HIGH DISCOUNT | I88: =IF(ISBLANK(H88),"NOT PROVIDED",IF(H88<3,"POOR",IF(H88<4.5,"AVERAGE","EXCELLENT"))) -> NOT PROVIDED | J88: =IF(B88<1000,"LOW PRICE",IF(B88<2000,"MEDIUM PRICE","HIGH PRICE")) -> LOW PRICE
A89: Outdoor Portable Water Bottle With Medicine Box - 600ML - Black | B89: 799 | C89: 900 | D89: =C89-B89 -> 101 | E89: 0.11 | F89: =IF(E89<20%,"LOW DISCOUNT",IF(E89<40%,"MEDIUM DISCOUNT","HIGH DISCOUNT")) -> LOW DISCOUNT | I89: =IF(ISBLANK(H89),"NOT PROVIDED",IF(H89<3,"POOR",IF(H89<4.5,"AVERAGE","EXCELLENT"))) -> NOT PROVIDED | J89: =IF(B89<1000,"LOW PRICE",IF(B89<2000,"MEDIUM PRICE","HIGH PRICE")) -> LOW PRICE
A90: Angle Measuring Tool Full Metal Multi Angle Measuring Tool | B90: 657 | C90: 1288 | D90: =C90-B90 -> 631 | E90: 0.49 | F90: =IF(E90<20%,"LOW DISCOUNT",IF(E90<40%,"MEDIUM DISCOUNT","HIGH DISCOUNT")) -> HIGH DISCOUNT | I90: =IF(ISBLANK(H90),"NOT PROVIDED",IF(H90<3,"POOR",IF(H90<4.5,"AVERAGE","EXCELLENT"))) -> NOT PROVIDED | J90: =IF(B90<1000,"LOW PRICE",IF(B90<2000,"MEDIUM PRICE","HIGH PRICE")) -> LOW PRICE
A91: Wall-Mounted Toothbrush Toothpaste Holder With Multiple Slots | B91: 1468 | C91: 1699 | D91: =C91-B91 -> 231 | E91: 0.14 | F91: =IF(E91<20%,"LOW DISCOUNT",IF(E91<40%,"MEDIUM DISCOUNT","HIGH DISCOUNT")) -> LOW DISCOUNT | I91: =IF(ISBLANK(H91),"NOT PROVIDED",IF(H91<3,"POOR",IF(H91<4.5,"AVERAGE","EXCELLENT"))) -> NOT PROVIDED | J91: =IF(B91<1000,"LOW PRICE",IF(B91<2000,"MEDIUM PRICE","HIGH PRICE")) -> MEDIUM PRICE
A92: Multifunctional Hanging Storage Box Storage Bag (4 Layers) | B92: 630 | C92: 1100 | D92: =C92-B92 -> 470 | E92: 0.43 | F92: =IF(E92<20%,"LOW DISCOUNT",IF(E92<40%,"MEDIUM DISCOUNT","HIGH DISCOUNT")) -> HIGH DISCOUNT | I92: =IF(ISBLANK(H92),"NOT PROVIDED",IF(H92<3,"POOR",IF(H92<4.5,"AVERAGE","EXCELLENT"))) -> NOT PROVIDED | J92: =IF(B92<1000,"LOW PRICE",IF(B92<2000,"MEDIUM PRICE","HIGH PRICE")) -> LOW PRICE
A93: Wall Clock With Hidden Safe Box | B93: 850 | C93: 1700 | D93: =C93-B93 -> 850 | E93: 0.5 | F93: =IF(E93<20%,"LOW DISCOUNT",IF(E93<40%,"MEDIUM DISCOUNT","HIGH DISCOUNT")) -> HIGH DISCOUNT | I93: =IF(ISBLANK(H93),"NOT PROVIDED",IF(H93<3,"POOR",IF(H93<4.5,"AVERAGE","EXCELLENT"))) -> NOT PROVIDED | J93: =IF(B93<1000,"LOW PRICE",IF(B93<2000,"MEDIUM PRICE","HIGH PRICE")) -> LOW PRICE
A94: Portable Wine Table With Folding Round Table | B94: 1300 | C94: 2500 | D94: =C94-B94 -> 1200 | E94: 0.48 | F94: =IF(E94<20%,"LOW DISCOUNT",IF(E94<40%,"MEDIUM DISCOUNT","HIGH DISCOUNT")) -> HIGH DISCOUNT | I94: =IF(ISBLANK(H94),"NOT PROVIDED",IF(H94<3,"POOR",IF(H94<4.5,"AVERAGE","EXCELLENT"))) -> NOT PROVIDED | J94: =IF(B94<1000,"LOW PRICE",IF(B94<2000,"MEDIUM PRICE","HIGH PRICE")) -> MEDIUM PRICE
A95: Sewing Machine Needle Threader Stitch Insertion Tool Automatic Quick Sewing | B95: 105 | C95: 200 | D95: =C95-B95 -> 95 | E95: 0.48 | F95: =IF(E95<20%,"LOW DISCOUNT",IF(E95<40%,"MEDIUM DISCOUNT","HIGH DISCOUNT")) -> HIGH DISCOUNT | I95: =IF(ISBLANK(H95),"NOT PROVIDED",IF(H95<3,"POOR",IF(H95<4.5,"AVERAGE","EXCELLENT"))) -> NOT PROVIDED | J95: =IF(B95<1000,"LOW PRICE",IF(B95<2000,"MEDIUM PRICE","HIGH PRICE")) -> LOW PRICE
A96: 6 Layers Steel Pipe Assembling Dustproof Storage Shoe Cabinet | B96: 899 | C96: 1699 | D96: =C96-B96 -> 800 | E96: 0.47 | F96: =IF(E96<20%,"LOW DISCOUNT",IF(E96<40%,"MEDIUM DISCOUNT","HIGH DISCOUNT")) -> HIGH DISCOUNT | I96: =IF(ISBLANK(H96),"NOT PROVIDED",IF(H96<3,"POOR",IF(H96<4.5,"AVERAGE","EXCELLENT"))) -> NOT PROVIDED | J96: =IF(B96<1000,"LOW PRICE",IF(B96<2000,"MEDIUM PRICE","HIGH PRICE")) -> LOW PRICE
A97: 2PCS Ice Silk Square Cushion Cover Pillowcases - 65x65cm | B97: 1200 | C97: 2400 | D97: =C97-B97 -> 1200 | E97: 0.5 | F97: =IF(E97<20%,"LOW DISCOUNT",IF(E97<40%,"MEDIUM DISCOUNT","HIGH DISCOUNT")) -> HIGH DISCOUNT | I97: =IF(ISBLANK(H97),"NOT PROVIDED",IF(H97<3,"POOR",IF(H97<4.5,"AVERAGE","EXCELLENT"))) -> NOT PROVIDED | J97: =IF(B97<1000,"LOW PRICE",IF(B97<2000,"MEDIUM PRICE","HIGH PRICE")) -> MEDIUM PRICE
... A103: 8in1 Screwdriver With LED Light | B103: 1080 | C103: 1874 | D103: =C103-B103 -> 794 | E103: 0.42 | F103: =IF(E103<20%,"LOW DISCOUNT",IF(E103<40%,"MEDIUM DISCOUNT","HIGH DISCOUNT")) -> HIGH DISCOUNT | I103: =IF(ISBLANK(H103),"NOT PROVIDED",IF(H103<3,"POOR",IF(H103<4.5,"AVERAGE","EXCELLENT"))) -> NOT PROVIDED | J103: =IF(B103<1000,"LOW PRICE",IF(B103<2000,"MEDIUM PRICE","HIGH PRICE")) -> MEDIUM PRICE
A104: Konka Healty Electric Kettle, 24-hour Heat Preservation,1.5L,800W, White | B104: 3640 | C104: 4588 | D104: =C104-B104 -> 948 | E104: 0.21 | F104: =IF(E104<20%,"LOW DISCOUNT",IF(E104<40%,"MEDIUM DISCOUNT","HIGH DISCOUNT")) -> MEDIUM DISCOUNT | G104: 1 | H104: 5 | I104: =IF(ISBLANK(H104),"NOT PROVIDED",IF(H104<3,"POOR",IF(H104<4.5,"AVERAGE","EXCELLENT"))) -> EXCELLENT | J104: =IF(B104<1000,"LOW PRICE",IF(B104<2000,"MEDIUM PRICE","HIGH PRICE")) -> HIGH PRICE
A105: 9pcs Gas Mask, For Painting, Dust, Formaldehyde Grinding, Polishing | B105: 1420 | C105: 2420 | D105: =C105-B105 -> 1000 | E105: 0.41 | F105: =IF(E105<20%,"LOW DISCOUNT",IF(E105<40%,"MEDIUM DISCOUNT","HIGH DISCOUNT")) -> HIGH DISCOUNT | I105: =IF(ISBLANK(H105),"NOT PROVIDED",IF(H105<3,"POOR",IF(H105<4.5,"AVERAGE","EXCELLENT"))) -> NOT PROVIDED | J105: =IF(B105<1000,"LOW PRICE",IF(B105<2000,"MEDIUM PRICE","HIGH PRICE")) -> MEDIUM PRICE
A106: 24 Grid Wall-mounted Sundries Organiser Fabric Closet Bag Storage Rack | B106: 1875 | C106: 1899 | D106: =C106-B106 -> 24 | E106: 0.01 | F106: =IF(E106<20%,"LOW DISCOUNT",IF(E106<40%,"MEDIUM DISCOUNT","HIGH DISCOUNT")) -> LOW DISCOUNT | I106: =IF(ISBLANK(H106),"NOT PROVIDED",IF(H106<3,"POOR",IF(H106<4.5,"AVERAGE","EXCELLENT"))) -> NOT PROVIDED | J106: =IF(B106<1000,"LOW PRICE",IF(B106<2000,"MEDIUM PRICE","HIGH PRICE")) -> MEDIUM PRICE
A107: 1PC Refrigerator Food Seal Pocket Fridge Bags | B107: 198 | C107: 260 | D107: =C107-B107 -> 62 | E107: 0.24 | F107: =IF(E107<20%,"LOW DISCOUNT",IF(E107<40%,"MEDIUM DISCOUNT","HIGH DISCOUNT")) -> MEDIUM DISCOUNT | I107: =IF(ISBLANK(H107),"NOT PROVIDED",IF(H107<3,"POOR",IF(H107<4.5,"AVERAGE","EXCELLENT"))) -> NOT PROVIDED | J107: =IF(B107<1000,"LOW PRICE",IF(B107<2000,"MEDIUM PRICE","HIGH PRICE")) -> LOW PRICE
A108: LED Solar Street Light-fake Camera | B108: 1150 | C108: 1737 | D108: =C108-B108 -> 587 | E108: 0.34 | F108: =IF(E108<20%,"LOW DISCOUNT",IF(E108<40%,"MEDIUM DISCOUNT","HIGH DISCOUNT")) -> MEDIUM DISCOUNT | I108: =IF(ISBLANK(H108),"NOT PROVIDED",IF(H108<3,"POOR",IF(H108<4.5,"AVERAGE","EXCELLENT"))) -> NOT PROVIDED | J108: =IF(B108<1000,"LOW PRICE",IF(B108<2000,"MEDIUM PRICE","HIGH PRICE")) -> MEDIUM PRICE
A109: Cartoon Embroidered Mini Towel Bear Cotton Wash Cloth Hand 4pcs | B109: 1190 | C109: 1810 | D109: =C109-B109 -> 620 | E109: 0.34 | F109: =IF(E109<20%,"LOW DISCOUNT",IF(E109<40%,"MEDIUM DISCOUNT","HIGH DISCOUNT")) -> MEDIUM DISCOUNT | I109: =IF(ISBLANK(H109),"NOT PROVIDED",IF(H109<3,"POOR",IF(H109<4.5,"AVERAGE","EXCELLENT"))) -> NOT PROVIDED | J109: =IF(B109<1000,"LOW PRICE",IF(B109<2000,"MEDIUM PRICE","HIGH PRICE")) -> MEDIUM PRICE
A110: Shower Nozzle Cleaning Unclogging Needle Mini Crevice Small Hole Cleaning Brush | B110: 1658 | C110: 1699 | D110: =C110-B110 -> 41 | E110: 0.02 | F110: =IF(E110<20%,"LOW DISCOUNT",IF(E110<40%,"MEDIUM DISCOUNT","HIGH DISCOUNT")) -> LOW DISCOUNT | I110: =IF(ISBLANK(H110),"NOT PROVIDED",IF(H110<3,"POOR",IF(H110<4.5,"AVERAGE","EXCELLENT"))) -> NOT PROVIDED | J110: =IF(B110<1000,"LOW PRICE",IF(B110<2000,"MEDIUM PRICE","HIGH PRICE")) -> MEDIUM PRICE
A111: Thickening Multipurpose Non Stick Easy To Clean Heat Resistant Spoon Pad | B111: 1768 | C111: 1799 | D111: =C111-B111 -> 31 | E111: 0.02 | F111: =IF(E111<20%,"LOW DISCOUNT",IF(E111<40%,"MEDIUM DISCOUNT","HIGH DISCOUNT")) -> LOW DISCOUNT | I111: =IF(ISBLANK(H111),"NOT PROVIDED",IF(H111<3,"POOR",IF(H111<4.5,"AVERAGE","EXCELLENT"))) -> NOT PROVIDED | J111: =IF(B111<1000,"LOW PRICE",IF(B111<2000,"MEDIUM PRICE","HIGH PRICE")) -> MEDIUM PRICE
A112: 6 In 1 Bottle Can Opener Multifunctional Easy Opener | B112: 199 | C112: 553 | D112: =C112-B112 -> 354 | E112: 0.64 | F112: =IF(E112<20%,"LOW DISCOUNT",IF(E112<40%,"MEDIUM DISCOUNT","HIGH DISCOUNT")) -> HIGH DISCOUNT | I112: =IF(ISBLANK(H112),"NOT PROVIDED",IF(H112<3,"POOR",IF(H112<4.5,"AVERAGE","EXCELLENT"))) -> NOT PROVIDED | J112: =IF(B112<1000,"LOW PRICE",IF(B112<2000,"MEDIUM PRICE","HIGH PRICE")) -> LOW PRICE
A113: Wall-mounted Sticker Punch-free Plug Fixer | B113: 450 | C113: 900 | D113: =C113-B113 -> 450 | E113: 0.5 | F113: =IF(E113<20%,"LOW DISCOUNT",IF(E113<40%,"MEDIUM DISCOUNT","HIGH DISCOUNT")) -> HIGH DISCOUNT | G113: 1 | H113: 2 | I113: =IF(ISBLANK(H113),"NOT PROVIDED",IF(H113<3,"POOR",IF(H113<4.5,"AVERAGE","EXCELLENT"))) -> POOR | J113: =IF(B113<1000,"LOW PRICE",IF(B113<2000,"MEDIUM PRICE","HIGH PRICE")) -> LOW PRICE
A114: Black Simple Water Cup Wine Coaster Anti Slip Absorbent | B114: 169 | C114: 320 | D114: =C114-B114 -> 151 | E114: 0.47 | F114: =IF(E114<20%,"LOW DISCOUNT",IF(E114<40%,"MEDIUM DISCOUNT","HIGH DISCOUNT")) -> HIGH DISCOUNT | I114: =IF(ISBLANK(H114),"NOT PROVIDED",IF(H114<3,"POOR",IF(H114<4.5,"AVERAGE","EXCELLENT"))) -> NOT PROVIDED | J114: =IF(B114<1000,"LOW PRICE",IF(B114<2000,"MEDIUM PRICE","HIGH PRICE")) -> LOW PRICE

Sheet TOP 10 HIGHEST RATED PRODUCTS
A1: Product | B1: Current price | C1: Old price | D1: Discount Price | E1: Discount | F1: Discount category | G1: Review | H1: Ratingd | I1: Rating Category | J1: Price Category
A2: 115 Piece Set Of Multifunctional Precision Screwdrivers | B2: 950 | C2: 1525 | D2: =C2-B2 -> 575 | E2: 0.38 | F2: =IF(E2<20%,"LOW DISCOUNT",IF(E2<40%,"MEDIUM DISCOUNT","HIGH DISCOUNT")) -> MEDIUM DISCOUNT | G2: 2 | H2: 4.5 | I2: =IF(ISBLANK(H2),"NOT PROVIDED",IF(H2<3,"POOR",IF(H2<4.5,"AVERAGE","EXCELLENT"))) -> EXCELLENT | J2: =IF(B2<1000,"LOW PRICE",IF(B2<2000,"MEDIUM PRICE","HIGH PRICE")) -> LOW PRICE
A3: Metal Decorative Hooks Key Hangers Entryway Wall Hooks Towel Hooks - Home | B3: 527 | C3: 999 | D3: =C3-B3 -> 472 | E3: 0.47 | F3: =IF(E3<20%,"LOW DISCOUNT",IF(E3<40%,"MEDIUM DISCOUNT","HIGH DISCOUNT")) -> HIGH DISCOUNT | G3: 14 | H3: 4.1 | I3: =IF(ISBLANK(H3),"NOT PROVIDED",IF(H3<3,"POOR",IF(H3<4.5,"AVERAGE","EXCELLENT"))) -> AVERAGE | J3: =IF(B3<1000,"LOW PRICE",IF(B3<2000,"MEDIUM PRICE","HIGH PRICE")) -> LOW PRICE
A4: Portable Mini Cordless Car Vacuum Cleaner - Blue | B4: 2199 | C4: 2923 | D4: =C4-B4 -> 724 | E4: 0.25 | F4: =IF(E4<20%,"LOW DISCOUNT",IF(E4<40%,"MEDIUM DISCOUNT","HIGH DISCOUNT")) -> MEDIUM DISCOUNT | G4: 24 | H4: 4.6 | I4: =IF(ISBLANK(H4),"NOT PROVIDED",IF(H4<3,"POOR",IF(H4<4.5,"AVERAGE","EXCELLENT"))) -> EXCELLENT | J4: =IF(B4<1000,"LOW PRICE",IF(B4<2000,"MEDIUM PRICE","HIGH PRICE")) -> HIGH PRICE
A5: Weighing Scale Digital Bathroom Body Fat Scale USB-Black | B5: 1580 | C5: 2499 | D5: =C5-B5 -> 919 | E5: 0.37 | F5: =IF(E5<20%,"LOW DISCOUNT",IF(E5<40%,"MEDIUM DISCOUNT","HIGH DISCOUNT")) -> MEDIUM DISCOUNT | G5: 7 | H5: 4.7 | I5: =IF(ISBLANK(H5),"NOT PROVIDED",IF(H5<3,"POOR",IF(H5<4.5,"AVERAGE","EXCELLENT"))) -> EXCELLENT | J5: =IF(B5<1000,"LOW PRICE",IF(B5<2000,"MEDIUM PRICE","HIGH PRICE")) -> MEDIUM PRICE
A6: Portable Home Small Air Humidifier 3-Speed Fan - Green | B6: 1740 | C6: 2356 | D6: =C6-B6 -> 616 | E6: 0.26 | F6: =IF(E6<20%,"LOW DISCOUNT",IF(E6<40%,"MEDIUM DISCOUNT","HIGH DISCOUNT")) -> MEDIUM DISCOUNT | G6: 5 | H6: 4.8 | I6: =IF(ISBLANK(H6),"NOT PROVIDED",IF(H6<3,"POOR",IF(H6<4.5,"AVERAGE","EXCELLENT"))) -> EXCELLENT | J6: =IF(B6<1000,"LOW PRICE",IF(B6<2000,"MEDIUM PRICE","HIGH PRICE")) -> MEDIUM PRICE
A7: 220V 60W Electric Soldering Iron Kits With Tools, Tips, And Multimeter | B7: 2999 | C7: 3290 | D7: =C7-B7 -> 291 | E7: 0.09 | F7: =IF(E7<20%,"LOW DISCOUNT",IF(E7<40%,"MEDIUM DISCOUNT","HIGH DISCOUNT")) -> LOW DISCOUNT | G7: 15 | H7: 4 | I7: =IF(ISBLANK(H7),"NOT PROVIDED",IF(H7<3,"POOR",IF(H7<4.5,"AVERAGE","EXCELLENT"))) -> AVERAGE | J7: =IF(B7<1000,"LOW PRICE",IF(B7<2000,"MEDIUM PRICE","HIGH PRICE")) -> HIGH PRICE
A8: 137 Pieces Cake Decorating Tool Set Baking Supplies | B8: 2319 | C8: 3032 | D8: =C8-B8 -> 713 | E8: 0.24 | F8: =IF(E8<20%,"LOW DISCOUNT",IF(E8<40%,"MEDIUM DISCOUNT","HIGH DISCOUNT")) -> MEDIUM DISCOUNT | G8: 55 | H8: 4.6 | I8: =IF(ISBLANK(H8),"NOT PROVIDED",IF(H8<3,"POOR",IF(H8<4.5,"AVERAGE","EXCELLENT"))) -> EXCELLENT | J8: =IF(B8<1000,"LOW PRICE",IF(B8<2000,"MEDIUM PRICE","HIGH PRICE")) -> HIGH PRICE
A9: Desk Foldable Fan Adjustable Fan Strong Wind 3 Gear Usb | B9: 988 | C9: 1580 | D9: =C9-B9 -> 592 | E9: 0.37 | F9: =IF(E9<20%,"LOW DISCOUNT",IF(E9<40%,"MEDIUM DISCOUNT","HIGH DISCOUNT")) -> MEDIUM DISCOUNT | G9: 2 | H9: 4 | I9: =IF(ISBLANK(H9),"NOT PROVIDED",IF(H9<3,"POOR",IF(H9<4.5,"AVERAGE","EXCELLENT"))) -> AVERAGE | J9: =IF(B9<1000,"LOW PRICE",IF(B9<2000,"MEDIUM PRICE","HIGH PRICE")) -> LOW PRICE
A10: LASA FOLDING TABLE SERVING STAND | B10: 1274 | C10: 2800 | D10: =C10-B10 -> 1526 | E10: 0.55 | F10: =IF(E10<20%,"LOW DISCOUNT",IF(E10<40%,"MEDIUM DISCOUNT","HIGH DISCOUNT")) -> HIGH DISCOUNT | G10: 5 | H10: 4.8 | I10: =IF(ISBLANK(H10),"NOT PROVIDED",IF(H10<3,"POOR",IF(H10<4.5,"AVERAGE","EXCELLENT"))) -> EXCELLENT | J10: =IF(B10<1000,"LOW PRICE",IF(B10<2000,"MEDIUM PRICE","HIGH PRICE")) -> MEDIUM PRICE
A11: 13 In 1 Home Repair Tools Box Kit Set | B11: 1600 | C11: 2929 | D11: =C11-B11 -> 1329 | E11: 0.45 | F11: =IF(E11<20%,"LOW DISCOUNT",IF(E11<40%,"MEDIUM DISCOUNT","HIGH DISCOUNT")) -> HIGH DISCOUNT | G11: 5 | H11: 3.8 | I11: =IF(ISBLANK(H11),"NOT PROVIDED",IF(H11<3,"POOR",IF(H11<4.5,"AVERAGE","EXCELLENT"))) -> AVERAGE | J11: =IF(B11<1000,"LOW PRICE",IF(B11<2000,"MEDIUM PRICE","HIGH PRICE")) -> MEDIUM PRICE
A12: Genebre 115 In 1 Screwdriver Repairing Tool Set For IPhone Cellphone Hand Tool | B12: 799 | C12: 999 | D12: =C12-B12 -> 200 | E12: 0.2 | F12: =IF(E12<20%,"LOW DISCOUNT",IF(E12<40%,"MEDIUM DISCOUNT","HIGH DISCOUNT")) -> MEDIUM DISCOUNT | G12: 12 | H12: 4.1 | I12: =IF(ISBLANK(H12),"NOT PROVIDED",IF(H12<3,"POOR",IF(H12<4.5,"AVERAGE","EXCELLENT"))) -> AVERAGE | J12: =IF(B12<1000,"LOW PRICE",IF(B12<2000,"MEDIUM PRICE","HIGH PRICE")) -> LOW PRICE
A13: 100 Pcs Crochet Hook Tool Set Knitting Hook Set With Box | B13: 990 | C13: 1500 | D13: =C13-B13 -> 510 | E13: 0.34 | F13: =IF(E13<20%,"LOW DISCOUNT",IF(E13<40%,"MEDIUM DISCOUNT","HIGH DISCOUNT")) -> MEDIUM DISCOUNT | G13: 39 | H13: 4.7 | I13: =IF(ISBLANK(H13),"NOT PROVIDED",IF(H13<3,"POOR",IF(H13<4.5,"AVERAGE","EXCELLENT"))) -> EXCELLENT | J13: =IF(B13<1000,"LOW PRICE",IF(B13<2000,"MEDIUM PRICE","HIGH PRICE")) -> LOW PRICE
... A22: 3PCS Single Head Knitting Crochet Sweater Needle Set | B22: 38 | C22: 80 | D22: =C22-B22 -> 42 | E22: 0.53 | F22: =IF(E22<20%,"LOW DISCOUNT",IF(E22<40%,"MEDIUM DISCOUNT","HIGH DISCOUNT")) -> HIGH DISCOUNT | G22: 13 | H22: 3.3 | I22: =IF(ISBLANK(H22),"NOT PROVIDED",IF(H22<3,"POOR",IF(H22<4.5,"AVERAGE","EXCELLENT"))) -> AVERAGE | J22: =IF(B22<1000,"LOW PRICE",IF(B22<2000,"MEDIUM PRICE","HIGH PRICE")) -> LOW PRICE
A23: 4pcs Bathroom/Kitchen Towel Rack,Roll Paper Holder,Towel Bars,Hook | B23: 1860 | C23: 3220 | D23: =C23-B23 -> 1360 | E23: 0.42 | F23: =IF(E23<20%,"LOW DISCOUNT",IF(E23<40%,"MEDIUM DISCOUNT","HIGH DISCOUNT")) -> HIGH DISCOUNT | I23: =IF(ISBLANK(H23),"NOT PROVIDED",IF(H23<3,"POOR",IF(H23<4.5,"AVERAGE","EXCELLENT"))) -> NOT PROVIDED | J23: =IF(B23<1000,"LOW PRICE",IF(B23<2000,"MEDIUM PRICE","HIGH PRICE")) -> MEDIUM PRICE
A24: LED Romantic Spaceship Starry Sky Projector,Children's Bedroom Night Light-Blue | B24: 880 | C24: 1350 | D24: =C24-B24 -> 470 | E24: 0.35 | F24: =IF(E24<20%,"LOW DISCOUNT",IF(E24<40%,"MEDIUM DISCOUNT","HIGH DISCOUNT")) -> MEDIUM DISCOUNT | G24: 6 | H24: 4 | I24: =IF(ISBLANK(H24),"NOT PROVIDED",IF(H24<3,"POOR",IF(H24<4.5,"AVERAGE","EXCELLENT"))) -> AVERAGE | J24: =IF(B24<1000,"LOW PRICE",IF(B24<2000,"MEDIUM PRICE","HIGH PRICE")) -> LOW PRICE
A25: Foldable Overbed Table/Desk | B25: 1650 | C25: 2150 | D25: =C25-B25 -> 500 | E25: 0.23 | F25: =IF(E25<20%,"LOW DISCOUNT",IF(E25<40%,"MEDIUM DISCOUNT","HIGH DISCOUNT")) -> MEDIUM DISCOUNT | G25: 14 | H25: 4.4 | I25: =IF(ISBLANK(H25),"NOT PROVIDED",IF(H25<3,"POOR",IF(H25<4.5,"AVERAGE","EXCELLENT"))) -> AVERAGE | J25: =IF(B25<1000,"LOW PRICE",IF(B25<2000,"MEDIUM PRICE","HIGH PRICE")) -> MEDIUM PRICE
A26: LASA 3 Tier Bamboo Shoe Bench Storage Shelf | B26: 2048 | C26: 4500 | D26: =C26-B26 -> 2452 | E26: 0.54 | F26: =IF(E26<20%,"LOW DISCOUNT",IF(E26<40%,"MEDIUM DISCOUNT","HIGH DISCOUNT")) -> HIGH DISCOUNT | G26: 7 | H26: 4.3 | I26: =IF(ISBLANK(H26),"NOT PROVIDED",IF(H26<3,"POOR",IF(H26<4.5,"AVERAGE","EXCELLENT"))) -> AVERAGE | J26: =IF(B26<1000,"LOW PRICE",IF(B26<2000,"MEDIUM PRICE","HIGH PRICE")) -> HIGH PRICE
A27: Electronic Digital Display Vernier Caliper | B27: 420 | C27: 647 | D27: =C27-B27 -> 227 | E27: 0.35 | F27: =IF(E27<20%,"LOW DISCOUNT",IF(E27<40%,"MEDIUM DISCOUNT","HIGH DISCOUNT")) -> MEDIUM DISCOUNT | G27: 49 | H27: 4.6 | I27: =IF(ISBLANK(H27),"NOT PROVIDED",IF(H27<3,"POOR",IF(H27<4.5,"AVERAGE","EXCELLENT"))) -> EXCELLENT | J27: =IF(B27<1000,"LOW PRICE",IF(B27<2000,"MEDIUM PRICE","HIGH PRICE")) -> LOW PRICE
A28: Portable Wardrobe Nonwoven With 3 Hanging Rods And 6 Storage Shelves | B28: 2880 | C28: 3520 | D28: =C28-B28 -> 640 | E28: 0.18 | F28: =IF(E28<20%,"LOW DISCOUNT",IF(E28<40%,"MEDIUM DISCOUNT","HIGH DISCOUNT")) -> LOW DISCOUNT | G28: 12 | H28: 3.8 | I28: =IF(ISBLANK(H28),"NOT PROVIDED",IF(H28<3,"POOR",IF(H28<4.5,"AVERAGE","EXCELLENT"))) -> AVERAGE | J28: =IF(B28<1000,"LOW PRICE",IF(B28<2000,"MEDIUM PRICE","HIGH PRICE")) -> HIGH PRICE
A29: 12 Litre Black Insulated Lunch Box | B29: 1350 | C29: 1990 | D29: =C29-B29 -> 640 | E29: 0.32 | F29: =IF(E29<20%,"LOW DISCOUNT",IF(E29<40%,"MEDIUM DISCOUNT","HIGH DISCOUNT")) -> MEDIUM DISCOUNT | G29: 13 | H29: 3.8 | I29: =IF(ISBLANK(H29),"NOT PROVIDED",IF(H29<3,"POOR",IF(H29<4.5,"AVERAGE","EXCELLENT"))) -> AVERAGE | J29: =IF(B29<1000,"LOW PRICE",IF(B29<2000,"MEDIUM PRICE","HIGH PRICE")) -> MEDIUM PRICE
A30: 52 Pieces Cake Decorating Tool Set Gift Kit Baking Supplies | B30: 1758 | C30: 2499 | D30: =C30-B30 -> 741 | E30: 0.3 | F30: =IF(E30<20%,"LOW DISCOUNT",IF(E30<40%,"MEDIUM DISCOUNT","HIGH DISCOUNT")) -> MEDIUM DISCOUNT | G30: 20 | H30: 4.1 | I30: =IF(ISBLANK(H30),"NOT PROVIDED",IF(H30<3,"POOR",IF(H30<4.5,"AVERAGE","EXCELLENT"))) -> AVERAGE | J30: =IF(B30<1000,"LOW PRICE",IF(B30<2000,"MEDIUM PRICE","HIGH PRICE")) -> MEDIUM PRICE
A31: MultiFunctional Storage Rack Multi-layer Bookshelf | B31: 2200 | C31: 4080 | D31: =C31-B31 -> 1880 | E31: 0.46 | F31: =IF(E31<20%,"LOW DISCOUNT",IF(E31<40%,"MEDIUM DISCOUNT","HIGH DISCOUNT")) -> HIGH DISCOUNT | I31: =IF(ISBLANK(H31),"NOT PROVIDED",IF(H31<3,"POOR",IF(H31<4.5,"AVERAGE","EXCELLENT"))) -> NOT PROVIDED | J31: =IF(B31<1000,"LOW PRICE",IF(B31<2000,"MEDIUM PRICE","HIGH PRICE")) -> HIGH PRICE
A32: Exfoliate And Exfoliate Face Towel - Black | B32: 185 | C32: 382 | D32: =C32-B32 -> 197 | E32: 0.52 | F32: =IF(E32<20%,"LOW DISCOUNT",IF(E32<40%,"MEDIUM DISCOUNT","HIGH DISCOUNT")) -> HIGH DISCOUNT | G32: 9 | H32: 4.3 | I32: =IF(ISBLANK(H32),"NOT PROVIDED",IF(H32<3,"POOR",IF(H32<4.5,"AVERAGE","EXCELLENT"))) -> AVERAGE | J32: =IF(B32<1000,"LOW PRICE",IF(B32<2000,"MEDIUM PRICE","HIGH PRICE")) -> LOW PRICE
A33: 12 Litre Insulated Lunch Box Grey | B33: 980 | C33: 1490 | D33: =C33-B33 -> 510 | E33: 0.34 | F33: =IF(E33<20%,"LOW DISCOUNT",IF(E33<40%,"MEDIUM DISCOUNT","HIGH DISCOUNT")) -> MEDIUM DISCOUNT | G33: 12 | H33: 4.7 | I33: =IF(ISBLANK(H33),"NOT PROVIDED",IF(H33<3,"POOR",IF(H33<4.5,"AVERAGE","EXCELLENT"))) -> EXCELLENT | J33: =IF(B33<1000,"LOW PRICE",IF(B33<2000,"MEDIUM PRICE","HIGH PRICE")) -> LOW PRICE
A34: LED Eye Protection Desk Lamp , Study, Reading, USB Fan - Double Pen Holder | B34: 1820 | C34: 3490 | D34: =C34-B34 -> 1670 | E34: 0.48 | F34: =IF(E34<20%,"LOW DISCOUNT",IF(E34<40%,"MEDIUM DISCOUNT","HIGH DISCOUNT")) -> HIGH DISCOUNT | G34: 9 | H34: 4.3 | I34: =IF(ISBLANK(H34),"NOT PROVIDED",IF(H34<3,"POOR",IF(H34<4.5,"AVERAGE","EXCELLENT"))) -> AVERAGE | J34: =IF(B34<1000,"LOW PRICE",IF(B34<2000,"MEDIUM PRICE","HIGH PRICE")) -> MEDIUM PRICE
A35: 53Pcs/Set Yarn Knitting Crochet Hooks With Bag - Fortune Cat | B35: 1940 | C35: 2650 | D35: =C35-B35 -> 710 | E35: 0.27 | F35: =IF(E35<20%,"LOW DISCOUNT",IF(E35<40%,"MEDIUM DISCOUNT","HIGH DISCOUNT")) -> MEDIUM DISCOUNT | G35: 20 | H35: 4.7 | I35: =IF(ISBLANK(H35),"NOT PROVIDED",IF(H35<3,"POOR",IF(H35<4.5,"AVERAGE","EXCELLENT"))) -> EXCELLENT | J35: =IF(B35<1000,"LOW PRICE",IF(B35<2000,"MEDIUM PRICE","HIGH PRICE")) -> MEDIUM PRICE
A36: 53 Pieces/Set Yarn Knitting Crochet Hooks With Bag - Pansies | B36: 1980 | C36: 2699 | D36: =C36-B36 -> 719 | E36: 0.27 | F36: =IF(E36<20%,"LOW DISCOUNT",IF(E36<40%,"MEDIUM DISCOUNT","HIGH DISCOUNT")) -> MEDIUM DISCOUNT | G36: 32 | H36: 4.5 | I36: =IF(ISBLANK(H36),"NOT PROVIDED",IF(H36<3,"POOR",IF(H36<4.5,"AVERAGE","EXCELLENT"))) -> EXCELLENT | J36: =IF(B36<1000,"LOW PRICE",IF(B36<2000,"MEDIUM PRICE","HIGH PRICE")) -> MEDIUM PRICE
A37: DIY File Folder, Office Drawer File Holder, Pen Holder, Desktop Storage Rack | B37: 1620 | C37: 2690 | D37: =C37-B37 -> 1070 | E37: 0.4 | F37: =IF(E37<20%,"LOW DISCOUNT",IF(E37<40%,"MEDIUM DISCOUNT","HIGH DISCOUNT")) -> HIGH DISCOUNT | G37: 1 | H37: 5 | I37: =IF(ISBLANK(H37),"NOT PROVIDED",IF(H37<3,"POOR",IF(H37<4.5,"AVERAGE","EXCELLENT"))) -> EXCELLENT | J37: =IF(B37<1000,"LOW PRICE",IF(B37<2000,"MEDIUM PRICE","HIGH PRICE")) -> MEDIUM PRICE
A38: Classic Black Cat Cotton Hemp Pillow Case For Home Car | B38: 171 | C38: 360 | D38: =C38-B38 -> 189 | E38: 0.53 | F38: =IF(E38<20%,"LOW DISCOUNT",IF(E38<40%,"MEDIUM DISCOUNT","HIGH DISCOUNT")) -> HIGH DISCOUNT | G38: 2 | H38: 5 | I38: =IF(ISBLANK(H38),"NOT PROVIDED",IF(H38<3,"POOR",IF(H38<4.5,"AVERAGE","EXCELLENT"))) -> EXCELLENT | J38: =IF(B38<1000,"LOW PRICE",IF(B38<2000,"MEDIUM PRICE","HIGH PRICE")) -> LOW PRICE
A39: Punch-free Great Load Bearing Bathroom Storage Rack Wall Shelf-White | B39: 389 | C39: 656 | D39: =C39-B39 -> 267 | E39: 0.41 | F39: =IF(E39<20%,"LOW DISCOUNT",IF(E39<40%,"MEDIUM DISCOUNT","HIGH DISCOUNT")) -> HIGH DISCOUNT | G39: 36 | H39: 4.3 | I39: =IF(ISBLANK(H39),"NOT PROVIDED",IF(H39<3,"POOR",IF(H39<4.5,"AVERAGE","EXCELLENT"))) -> AVERAGE | J39: =IF(B39<1000,"LOW PRICE",IF(B39<2000,"MEDIUM PRICE","HIGH PRICE")) -> LOW PRICE
A40: 1/2/3 Seater Elastic Sofa Cover,Living Room | B40: 1620 | C40: 2200 | D40: =C40-B40 -> 580 | E40: 0.26 | F40: =IF(E40<20%,"LOW DISCOUNT",IF(E40<40%,"MEDIUM DISCOUNT","HIGH DISCOUNT")) -> MEDIUM DISCOUNT | G40: 2 | H40: 4.5 | I40: =IF(ISBLANK(H40),"NOT PROVIDED",IF(H40<3,"POOR",IF(H40<4.5,"AVERAGE","EXCELLENT"))) -> EXCELLENT | J40: =IF(B40<1000,"LOW PRICE",IF(B40<2000,"MEDIUM PRICE","HIGH PRICE")) -> MEDIUM PRICE
A41: Home Decor Chair Cover-Grey | B41: 1980 | C41: 3200 | D41: =C41-B41 -> 1220 | E41: 0.38 | F41: =IF(E41<20%,"LOW DISCOUNT",IF(E41<40%,"MEDIUM DISCOUNT","HIGH DISCOUNT")) -> MEDIUM DISCOUNT | I41: =IF(ISBLANK(H41),"NOT PROVIDED",IF(H41<3,"POOR",IF(H41<4.5,"AVERAGE","EXCELLENT"))) -> NOT PROVIDED | J41: =IF(B41<1000,"LOW PRICE",IF(B41<2000,"MEDIUM PRICE","HIGH PRICE")) -> MEDIUM PRICE
A42: LASA Stainless Steel Double Wall Mount Soap Dispenser - 500ml | B42: 2750 | C42: 4471 | D42: =C42-B42 -> 1721 | E42: 0.38 | F42: =IF(E42<20%,"LOW DISCOUNT",IF(E42<40%,"MEDIUM DISCOUNT","HIGH DISCOUNT")) -> MEDIUM DISCOUNT | I42: =IF(ISBLANK(H42),"NOT PROVIDED",IF(H42<3,"POOR",IF(H42<4.5,"AVERAGE","EXCELLENT"))) -> NOT PROVIDED | J42: =IF(B42<1000,"LOW PRICE",IF(B42<2000,"MEDIUM PRICE","HIGH PRICE")) -> HIGH PRICE
A43: 4M Float Switch Water Level Controller -Water Tank | B43: 475 | C43: 931 | D43: =C43-B43 -> 456 | E43: 0.49 | F43: =IF(E43<20%,"LOW DISCOUNT",IF(E43<40%,"MEDIUM DISCOUNT","HIGH DISCOUNT")) -> HIGH DISCOUNT | I43: =IF(ISBLANK(H43),"NOT PROVIDED",IF(H43<3,"POOR",IF(H43<4.5,"AVERAGE","EXCELLENT"))) -> NOT PROVIDED | J43: =IF(B43<1000,"LOW PRICE",IF(B43<2000,"MEDIUM PRICE","HIGH PRICE")) -> LOW PRICE
A44: Modern Sofa Throw Pillow Cover-45x45cm-Blue&Red | B44: 238 | C44: 476 | D44: =C44-B44 -> 238 | E44: 0.5 | F44: =IF(E44<20%,"LOW DISCOUNT",IF(E44<40%,"MEDIUM DISCOUNT","HIGH DISCOUNT")) -> HIGH DISCOUNT | I44: =IF(ISBLANK(H44),"NOT PROVIDED",IF(H44<3,"POOR",IF(H44<4.5,"AVERAGE","EXCELLENT"))) -> NOT PROVIDED | J44: =IF(B44<1000,"LOW PRICE",IF(B44<2000,"MEDIUM PRICE","HIGH PRICE")) -> LOW PRICE
A45: Balloon Insert, Birthday Party Balloon Set, PU Leather | B45: 610 | C45: 1060 | D45: =C45-B45 -> 450 | E45: 0.42 | F45: =IF(E45<20%,"LOW DISCOUNT",IF(E45<40%,"MEDIUM DISCOUNT","HIGH DISCOUNT")) -> HIGH DISCOUNT | I45: =IF(ISBLANK(H45),"NOT PROVIDED",IF(H45<3,"POOR",IF(H45<4.5,"AVERAGE","EXCELLENT"))) -> NOT PROVIDED | J45: =IF(B45<1000,"LOW PRICE",IF(B45<2000,"MEDIUM PRICE","HIGH PRICE")) -> LOW PRICE
A46: Shower Cap Wide Elastic Band Cover Reusable Bashroom Cap | B46: 2132 | C46: 2169 | D46: =C46-B46 -> 37 | E46: 0.02 | F46: =IF(E46<20%,"LOW DISCOUNT",IF(E46<40%,"MEDIUM DISCOUNT","HIGH DISCOUNT")) -> LOW DISCOUNT | I46: =IF(ISBLANK(H46),"NOT PROVIDED",IF(H46<3,"POOR",IF(H46<4.5,"AVERAGE","EXCELLENT"))) -> NOT PROVIDED | J46: =IF(B46<1000,"LOW PRICE",IF(B46<2000,"MEDIUM PRICE","HIGH PRICE")) -> HIGH PRICE
A47: Christmas Elk Fence Yard Lawn Decorations Cute For Holidays | B47: 999 | C47: 2000 | D47: =C47-B47 -> 1001 | E47: 0.5 | F47: =IF(E47<20%,"LOW DISCOUNT",IF(E47<40%,"MEDIUM DISCOUNT","HIGH DISCOUNT")) -> HIGH DISCOUNT | I47: =IF(ISBLANK(H47),"NOT PROVIDED",IF(H47<3,"POOR",IF(H47<4.5,"AVERAGE","EXCELLENT"))) -> NOT PROVIDED | J47: =IF(B47<1000,"LOW PRICE",IF(B47<2000,"MEDIUM PRICE","HIGH PRICE")) -> LOW PRICE
A48: 60W Hot Melt Glue Sprayer - Efficient And Stable Glue Dispensing | B48: 1190 | C48: 1785 | D48: =C48-B48 -> 595 | E48: 0.33 | F48: =IF(E48<20%,"LOW DISCOUNT",IF(E48<40%,"MEDIUM DISCOUNT","HIGH DISCOUNT")) -> MEDIUM DISCOUNT | I48: =IF(ISBLANK(H48),"NOT PROVIDED",IF(H48<3,"POOR",IF(H48<4.5,"AVERAGE","EXCELLENT"))) -> NOT PROVIDED | J48: =IF(B48<1000,"LOW PRICE",IF(B48<2000,"MEDIUM PRICE","HIGH PRICE")) -> MEDIUM PRICE
A49: Car Phone Charging Stand | B49: 671 | C49: 1316 | D49: =C49-B49 -> 645 | E49: 0.49 | F49: =IF(E49<20%,"LOW DISCOUNT",IF(E49<40%,"MEDIUM DISCOUNT","HIGH DISCOUNT")) -> HIGH DISCOUNT | I49: =IF(ISBLANK(H49),"NOT PROVIDED",IF(H49<3,"POOR",IF(H49<4.5,"AVERAGE","EXCELLENT"))) -> NOT PROVIDED | J49: =IF(B49<1000,"LOW PRICE",IF(B49<2000,"MEDIUM PRICE","HIGH PRICE")) -> LOW PRICE
A50: 2pcs Solar Street Light Flood Light Outdoor | B50: 1200 | C50: 1950 | D50: =C50-B50 -> 750 | E50: 0.38 | F50: =IF(E50<20%,"LOW DISCOUNT",IF(E50<40%,"MEDIUM DISCOUNT","HIGH DISCOUNT")) -> MEDIUM DISCOUNT | I50: =IF(ISBLANK(H50),"NOT PROVIDED",IF(H50<3,"POOR",IF(H50<4.5,"AVERAGE","EXCELLENT"))) -> NOT PROVIDED | J50: =IF(B50<1000,"LOW PRICE",IF(B50<2000,"MEDIUM PRICE","HIGH PRICE")) -> MEDIUM PRICE
A51: Creative Owl Shape Keychain Black | B51: 199 | C51: 504 | D51: =C51-B51 -> 305 | E51: 0.61 | F51: =IF(E51<20%,"LOW DISCOUNT",IF(E51<40%,"MEDIUM DISCOUNT","HIGH DISCOUNT")) -> HIGH DISCOUNT | I51: =IF(ISBLANK(H51),"NOT PROVIDED",IF(H51<3,"POOR",IF(H51<4.5,"AVERAGE","EXCELLENT"))) -> NOT PROVIDED | J51: =IF(B51<1000,"LOW PRICE",IF(B51<2000,"MEDIUM PRICE","HIGH PRICE")) -> LOW PRICE
A52: Brush & Paintbrush Cleaning Tool Pink | B52: 299 | C52: 600 | D52: =C52-B52 -> 301 | E52: 0.5 | F52: =IF(E52<20%,"LOW DISCOUNT",IF(E52<40%,"MEDIUM DISCOUNT","HIGH DISCOUNT")) -> HIGH DISCOUNT | I52: =IF(ISBLANK(H52),"NOT PROVIDED",IF(H52<3,"POOR",IF(H52<4.5,"AVERAGE","EXCELLENT"))) -> NOT PROVIDED | J52: =IF(B52<1000,"LOW PRICE",IF(B52<2000,"MEDIUM PRICE","HIGH PRICE")) -> LOW PRICE
... A61: Simple Metal Dog Art Sculpture Decoration For Home Office | B61: 399 | C61: 896 | D61: =C61-B61 -> 497 | E61: 0.55 | F61: =IF(E61<20%,"LOW DISCOUNT",IF(E61<40%,"MEDIUM DISCOUNT","HIGH DISCOUNT")) -> HIGH DISCOUNT | I61: =IF(ISBLANK(H61),"NOT PROVIDED",IF(H61<3,"POOR",IF(H61<4.5,"AVERAGE","EXCELLENT"))) -> NOT PROVIDED | J61: =IF(B61<1000,"LOW PRICE",IF(B61<2000,"MEDIUM PRICE","HIGH PRICE")) -> LOW PRICE
A62: 5 Pieces/set Of Stainless Steel Induction Cooker Pots | B62: 2170 | C62: 2500 | D62: =C62-B62 -> 330 | E62: 0.13 | F62: =IF(E62<20%,"LOW DISCOUNT",IF(E62<40%,"MEDIUM DISCOUNT","HIGH DISCOUNT")) -> LOW DISCOUNT | G62: 6 | H62: 2.5 | I62: =IF(ISBLANK(H62),"NOT PROVIDED",IF(H62<3,"POOR",IF(H62<4.5,"AVERAGE","EXCELLENT"))) -> POOR | J62: =IF(B62<1000,"LOW PRICE",IF(B62<2000,"MEDIUM PRICE","HIGH PRICE")) -> HIGH PRICE
A63: Mythco 120COB Solar Wall Ligt With Motion Sensor And Remote Control 3 Modes | B63: 458 | C63: 986 | D63: =C63-B63 -> 528 | E63: 0.54 | F63: =IF(E63<20%,"LOW DISCOUNT",IF(E63<40%,"MEDIUM DISCOUNT","HIGH DISCOUNT")) -> HIGH DISCOUNT | G63: 10 | H63: 3 | I63: =IF(ISBLANK(H63),"NOT PROVIDED",IF(H63<3,"POOR",IF(H63<4.5,"AVERAGE","EXCELLENT"))) -> AVERAGE | J63: =IF(B63<1000,"LOW PRICE",IF(B63<2000,"MEDIUM PRICE","HIGH PRICE")) -> LOW PRICE
A64: 5-PCS Stainless Steel Cooking Pot Set With Steamed Slices | B64: 2115 | C64: 4700 | D64: =C64-B64 -> 2585 | E64: 0.55 | F64: =IF(E64<20%,"LOW DISCOUNT",IF(E64<40%,"MEDIUM DISCOUNT","HIGH DISCOUNT")) -> HIGH DISCOUNT | G64: 13 | H64: 2.1 | I64: =IF(ISBLANK(H64),"NOT PROVIDED",IF(H64<3,"POOR",IF(H64<4.5,"AVERAGE","EXCELLENT"))) -> POOR | J64: =IF(B64<1000,"LOW PRICE",IF(B64<2000,"MEDIUM PRICE","HIGH PRICE")) -> HIGH PRICE
A65: 120W Cordless Vacuum Cleaners Handheld Electric Vacuum Cleaner | B65: 445 | C65: 873 | D65: =C65-B65 -> 428 | E65: 0.49 | F65: =IF(E65<20%,"LOW DISCOUNT",IF(E65<40%,"MEDIUM DISCOUNT","HIGH DISCOUNT")) -> HIGH DISCOUNT | G65: 69 | H65: 2.8 | I65: =IF(ISBLANK(H65),"NOT PROVIDED",IF(H65<3,"POOR",IF(H65<4.5,"AVERAGE","EXCELLENT"))) -> POOR | J65: =IF(B65<1000,"LOW PRICE",IF(B65<2000,"MEDIUM PRICE","HIGH PRICE")) -> LOW PRICE
A66: Intelligent LED Body Sensor Wireless Lighting Night Light USB | B66: 325 | C66: 680 | D66: =C66-B66 -> 355 | E66: 0.52 | F66: =IF(E66<20%,"LOW DISCOUNT",IF(E66<40%,"MEDIUM DISCOUNT","HIGH DISCOUNT")) -> HIGH DISCOUNT | G66: 15 | H66: 2.7 | I66: =IF(ISBLANK(H66),"NOT PROVIDED",IF(H66<3,"POOR",IF(H66<4.5,"AVERAGE","EXCELLENT"))) -> POOR | J66: =IF(B66<1000,"LOW PRICE",IF(B66<2000,"MEDIUM PRICE","HIGH PRICE")) -> LOW PRICE
A67: VIC Wireless Vacuum Cleaner Dual Use For Home And Car 120W High Power Powerful | B67: 1220 | C67: 1555 | D67: =C67-B67 -> 335 | E67: 0.22 | F67: =IF(E67<20%,"LOW DISCOUNT",IF(E67<40%,"MEDIUM DISCOUNT","HIGH DISCOUNT")) -> MEDIUM DISCOUNT | G67: 16 | H67: 2.9 | I67: =IF(ISBLANK(H67),"NOT PROVIDED",IF(H67<3,"POOR",IF(H67<4.5,"AVERAGE","EXCELLENT"))) -> POOR | J67: =IF(B67<1000,"LOW PRICE",IF(B67<2000,"MEDIUM PRICE","HIGH PRICE")) -> MEDIUM PRICE
A68: Artificial Potted Flowers Room Decorative Flowers (2 Pieces) | B68: 990 | C68: 1814 | D68: =C68-B68 -> 824 | E68: 0.45 | F68: =IF(E68<20%,"LOW DISCOUNT",IF(E68<40%,"MEDIUM DISCOUNT","HIGH DISCOUNT")) -> HIGH DISCOUNT | G68: 6 | H68: 2.2 | I68: =IF(ISBLANK(H68),"NOT PROVIDED",IF(H68<3,"POOR",IF(H68<4.5,"AVERAGE","EXCELLENT"))) -> POOR | J68: =IF(B68<1000,"LOW PRICE",IF(B68<2000,"MEDIUM PRICE","HIGH PRICE")) -> LOW PRICE
A69: 380ML USB Rechargeable Portable Small Blenders And Juicers | B69: 1000 | C69: 2000 | D69: =C69-B69 -> 1000 | E69: 0.5 | F69: =IF(E69<20%,"LOW DISCOUNT",IF(E69<40%,"MEDIUM DISCOUNT","HIGH DISCOUNT")) -> HIGH DISCOUNT | G69: 7 | H69: 2.3 | I69: =IF(ISBLANK(H69),"NOT PROVIDED",IF(H69<3,"POOR",IF(H69<4.5,"AVERAGE","EXCELLENT"))) -> POOR | J69: =IF(B69<1000,"LOW PRICE",IF(B69<2000,"MEDIUM PRICE","HIGH PRICE")) -> MEDIUM PRICE
A70: 32PCS Portable Cordless Drill Set With Cyclic Battery Drive -26 Variable Speed | B70: 3750 | C70: 6143 | D70: =C70-B70 -> 2393 | E70: 0.39 | F70: =IF(E70<20%,"LOW DISCOUNT",IF(E70<40%,"MEDIUM DISCOUNT","HIGH DISCOUNT")) -> MEDIUM DISCOUNT | G70: 5 | H70: 3 | I70: =IF(ISBLANK(H70),"NOT PROVIDED",IF(H70<3,"POOR",IF(H70<4.5,"AVERAGE","EXCELLENT"))) -> AVERAGE | J70: =IF(B70<1000,"LOW PRICE",IF(B70<2000,"MEDIUM PRICE","HIGH PRICE")) -> HIGH PRICE
A71: Agapeon Toothbrush Holder And Toothpaste Dispenser | B71: 382 | C71: 700 | D71: =C71-B71 -> 318 | E71: 0.45 | F71: =IF(E71<20%,"LOW DISCOUNT",IF(E71<40%,"MEDIUM DISCOUNT","HIGH DISCOUNT")) -> HIGH DISCOUNT | G71: 17 | H71: 2.6 | I71: =IF(ISBLANK(H71),"NOT PROVIDED",IF(H71<3,"POOR",IF(H71<4.5,"AVERAGE","EXCELLENT"))) -> POOR | J71: =IF(B71<1000,"LOW PRICE",IF(B71<2000,"MEDIUM PRICE","HIGH PRICE")) -> LOW PRICE
A72: Large Lazy Inflatable Sofa Chairs PVC Lounger Seat Bag | B72: 2300 | C72: 3240 | D72: =C72-B72 -> 940 | E72: 0.29 | F72: =IF(E72<20%,"LOW DISCOUNT",IF(E72<40%,"MEDIUM DISCOUNT","HIGH DISCOUNT")) -> MEDIUM DISCOUNT | G72: 5 | H72: 3 | I72: =IF(ISBLANK(H72),"NOT PROVIDED",IF(H72<3,"POOR",IF(H72<4.5,"AVERAGE","EXCELLENT"))) -> AVERAGE | J72: =IF(B72<1000,"LOW PRICE",IF(B72<2000,"MEDIUM PRICE","HIGH PRICE")) -> HIGH PRICE
A73: Watercolour Gold Foil Textured Print Pillow Cover | B73: 345 | C73: 602 | D73: =C73-B73 -> 257 | E73: 0.43 | F73: =IF(E73<20%,"LOW DISCOUNT",IF(E73<40%,"MEDIUM DISCOUNT","HIGH DISCOUNT")) -> HIGH DISCOUNT | G73: 6 | H73: 2.3 | I73: =IF(ISBLANK(H73),"NOT PROVIDED",IF(H73<3,"POOR",IF(H73<4.5,"AVERAGE","EXCELLENT"))) -> POOR | J73: =IF(B73<1000,"LOW PRICE",IF(B73<2000,"MEDIUM PRICE","HIGH PRICE")) -> LOW PRICE
... A76: Electric LED UV Mosquito Killer Lamp, Outdoor/Indoor Fly Killer Trap Light -USB | B76: 1570 | C76: 2988 | D76: =C76-B76 -> 1418 | E76: 0.47 | F76: =IF(E76<20%,"LOW DISCOUNT",IF(E76<40%,"MEDIUM DISCOUNT","HIGH DISCOUNT")) -> HIGH DISCOUNT | G76: 7 | H76: 2.1 | I76: =IF(ISBLANK(H76),"NOT PROVIDED",IF(H76<3,"POOR",IF(H76<4.5,"AVERAGE","EXCELLENT"))) -> POOR | J76: =IF(B76<1000,"LOW PRICE",IF(B76<2000,"MEDIUM PRICE","HIGH PRICE")) -> MEDIUM PRICE
A77: 2PCS/LOT Solar LED Outdoor Intelligent Light Controlled Wall Lamp | B77: 790 | C77: 1485 | D77: =C77-B77 -> 695 | E77: 0.47 | F77: =IF(E77<20%,"LOW DISCOUNT",IF(E77<40%,"MEDIUM DISCOUNT","HIGH DISCOUNT")) -> HIGH DISCOUNT | I77: =IF(ISBLANK(H77),"NOT PROVIDED",IF(H77<3,"POOR",IF(H77<4.5,"AVERAGE","EXCELLENT"))) -> NOT PROVIDED | J77: =IF(B77<1000,"LOW PRICE",IF(B77<2000,"MEDIUM PRICE","HIGH PRICE")) -> LOW PRICE
A78: 3PCS Rotary Scraper Thermomix For Kitchen | B78: 690 | C78: 1200 | D78: =C78-B78 -> 510 | E78: 0.43 | F78: =IF(E78<20%,"LOW DISCOUNT",IF(E78<40%,"MEDIUM DISCOUNT","HIGH DISCOUNT")) -> HIGH DISCOUNT | I78: =IF(ISBLANK(H78),"NOT PROVIDED",IF(H78<3,"POOR",IF(H78<4.5,"AVERAGE","EXCELLENT"))) -> NOT PROVIDED | J78: =IF(B78<1000,"LOW PRICE",IF(B78<2000,"MEDIUM PRICE","HIGH PRICE")) -> LOW PRICE
A79: Cushion Silicone Butt Cushion Summer Ice Cushion Honeycomb Gel Cushion | B79: 1732 | C79: 1799 | D79: =C79-B79 -> 67 | E79: 0.04 | F79: =IF(E79<20%,"LOW DISCOUNT",IF(E79<40%,"MEDIUM DISCOUNT","HIGH DISCOUNT")) -> LOW DISCOUNT | I79: =IF(ISBLANK(H79),"NOT PROVIDED",IF(H79<3,"POOR",IF(H79<4.5,"AVERAGE","EXCELLENT"))) -> NOT PROVIDED | J79: =IF(B79<1000,"LOW PRICE",IF(B79<2000,"MEDIUM PRICE","HIGH PRICE")) -> MEDIUM PRICE
A80: 7PCS Silicone Thumb Knife Finger Protector Vegetable Harvesting Knife | B80: 230 | C80: 450 | D80: =C80-B80 -> 220 | E80: 0.49 | F80: =IF(E80<20%,"LOW DISCOUNT",IF(E80<40%,"MEDIUM DISCOUNT","HIGH DISCOUNT")) -> HIGH DISCOUNT | I80: =IF(ISBLANK(H80),"NOT PROVIDED",IF(H80<3,"POOR",IF(H80<4.5,"AVERAGE","EXCELLENT"))) -> NOT PROVIDED | J80: =IF(B80<1000,"LOW PRICE",IF(B80<2000,"MEDIUM PRICE","HIGH PRICE")) -> LOW PRICE
A81: Memory Foam Neck Pillow Cover, With Pillow Core - 50*30cm | B81: 1189 | C81: 2199 | D81: =C81-B81 -> 1010 | E81: 0.46 | F81: =IF(E81<20%,"LOW DISCOUNT",IF(E81<40%,"MEDIUM DISCOUNT","HIGH DISCOUNT")) -> HIGH DISCOUNT | G81: 1 | H81: 3 | I81: =IF(ISBLANK(H81),"NOT PROVIDED",IF(H81<3,"POOR",IF(H81<4.5,"AVERAGE","EXCELLENT"))) -> AVERAGE | J81: =IF(B81<1000,"LOW PRICE",IF(B81<2000,"MEDIUM PRICE","HIGH PRICE")) -> MEDIUM PRICE
A82: Bedroom Simple Floor Hanging Clothes Rack Single Pole Hat Rack - White | B82: 979 | C82: 1920 | D82: =C82-B82 -> 941 | E82: 0.49 | F82: =IF(E82<20%,"LOW DISCOUNT",IF(E82<40%,"MEDIUM DISCOUNT","HIGH DISCOUNT")) -> HIGH DISCOUNT | G82: 1 | H82: 5 | I82: =IF(ISBLANK(H82),"NOT PROVIDED",IF(H82<3,"POOR",IF(H82<4.5,"AVERAGE","EXCELLENT"))) -> EXCELLENT | J82: =IF(B82<1000,"LOW PRICE",IF(B82<2000,"MEDIUM PRICE","HIGH PRICE")) -> LOW PRICE
A83: 5m Waterproof Spherical LED String Lights Outdoor Ball Chain Lights Party Lighting Decoration Adjustable | B83: 1460 | C83: 2290 | D83: =C83-B83 -> 830 | E83: 0.36 | F83: =IF(E83<20%,"LOW DISCOUNT",IF(E83<40%,"MEDIUM DISCOUNT","HIGH DISCOUNT")) -> MEDIUM DISCOUNT | I83: =IF(ISBLANK(H83),"NOT PROVIDED",IF(H83<3,"POOR",IF(H83<4.5,"AVERAGE","EXCELLENT"))) -> NOT PROVIDED | J83: =IF(B83<1000,"LOW PRICE",IF(B83<2000,"MEDIUM PRICE","HIGH PRICE")) -> MEDIUM PRICE
A84: 2 Pairs Cowhide Split Leather Work Gloves.32â„‰ Or Above Welding Gloves | B84: 1666 | C84: 1699 | D84: =C84-B84 -> 33 | E84: 0.02 | F84: =IF(E84<20%,"LOW DISCOUNT",IF(E84<40%,"MEDIUM DISCOUNT","HIGH DISCOUNT")) -> LOW DISCOUNT | I84: =IF(ISBLANK(H84),"NOT PROVIDED",IF(H84<3,"POOR",IF(H84<4.5,"AVERAGE","EXCELLENT"))) -> NOT PROVIDED | J84: =IF(B84<1000,"LOW PRICE",IF(B84<2000,"MEDIUM PRICE","HIGH PRICE")) -> MEDIUM PRICE
A85: Household Pineapple Peeler Peeler | B85: 330 | C85: 647 | D85: =C85-B85 -> 317 | E85: 0.49 | F85: =IF(E85<20%,"LOW DISCOUNT",IF(E85<40%,"MEDIUM DISCOUNT","HIGH DISCOUNT")) -> HIGH DISCOUNT | G85: 1 | H85: 4 | I85: =IF(ISBLANK(H85),"NOT PROVIDED",IF(H85<3,"POOR",IF(H85<4.5,"AVERAGE","EXCELLENT"))) -> AVERAGE | J85: =IF(B85<1000,"LOW PRICE",IF(B85<2000,"MEDIUM PRICE","HIGH PRICE")) -> LOW PRICE
A86: Creative Owl Shape Keychain Black | B86: 176 | C86: 345 | D86: =C86-B86 -> 169 | E86: 0.49 | F86: =IF(E86<20%,"LOW DISCOUNT",IF(E86<40%,"MEDIUM DISCOUNT","HIGH DISCOUNT")) -> HIGH DISCOUNT | I86: =IF(ISBLANK(H86),"NOT PROVIDED",IF(H86<3,"POOR",IF(H86<4.5,"AVERAGE","EXCELLENT"))) -> NOT PROVIDED | J86: =IF(B86<1000,"LOW PRICE",IF(B86<2000,"MEDIUM PRICE","HIGH PRICE")) -> LOW PRICE
A87: Office Chair Lumbar Back Support Spine Posture Correction Pillow Car Cushion | B87: 1466 | C87: 1699 | D87: =C87-B87 -> 233 | E87: 0.14 | F87: =IF(E87<20%,"LOW DISCOUNT",IF(E87<40%,"MEDIUM DISCOUNT","HIGH DISCOUNT")) -> LOW DISCOUNT | I87: =IF(ISBLANK(H87),"NOT PROVIDED",IF(H87<3,"POOR",IF(H87<4.5,"AVERAGE","EXCELLENT"))) -> NOT PROVIDED | J87: =IF(B87<1000,"LOW PRICE",IF(B87<2000,"MEDIUM PRICE","HIGH PRICE")) -> MEDIUM PRICE
A88: Cartoon Car Decoration Cute Individuality For Car Home Desk | B88: 274 | C88: 537 | D88: =C88-B88 -> 263 | E88: 0.49 | F88: =IF(E88<20%,"LOW DISCOUNT",IF(E88<40%,"MEDIUM DISCOUNT","HIGH DISCOUNT")) -> HIGH DISCOUNT | I88: =IF(ISBLANK(H88),"NOT PROVIDED",IF(H88<3,"POOR",IF(H88<4.5,"AVERAGE","EXCELLENT"))) -> NOT PROVIDED | J88: =IF(B88<1000,"LOW PRICE",IF(B88<2000,"MEDIUM PRICE","HIGH PRICE")) -> LOW PRICE
A89: Outdoor Portable Water Bottle With Medicine Box - 600ML - Black | B89: 799 | C89: 900 | D89: =C89-B89 -> 101 | E89: 0.11 | F89: =IF(E89<20%,"LOW DISCOUNT",IF(E89<40%,"MEDIUM DISCOUNT","HIGH DISCOUNT")) -> LOW DISCOUNT | I89: =IF(ISBLANK(H89),"NOT PROVIDED",IF(H89<3,"POOR",IF(H89<4.5,"AVERAGE","EXCELLENT"))) -> NOT PROVIDED | J89: =IF(B89<1000,"LOW PRICE",IF(B89<2000,"MEDIUM PRICE","HIGH PRICE")) -> LOW PRICE
A90: Angle Measuring Tool Full Metal Multi Angle Measuring Tool | B90: 657 | C90: 1288 | D90: =C90-B90 -> 631 | E90: 0.49 | F90: =IF(E90<20%,"LOW DISCOUNT",IF(E90<40%,"MEDIUM DISCOUNT","HIGH DISCOUNT")) -> HIGH DISCOUNT | I90: =IF(ISBLANK(H90),"NOT PROVIDED",IF(H90<3,"POOR",IF(H90<4.5,"AVERAGE","EXCELLENT"))) -> NOT PROVIDED | J90: =IF(B90<1000,"LOW PRICE",IF(B90<2000,"MEDIUM PRICE","HIGH PRICE")) -> LOW PRICE
A91: Wall-Mounted Toothbrush Toothpaste Holder With Multiple Slots | B91: 1468 | C91: 1699 | D91: =C91-B91 -> 231 | E91: 0.14 | F91: =IF(E91<20%,"LOW DISCOUNT",IF(E91<40%,"MEDIUM DISCOUNT","HIGH DISCOUNT")) -> LOW DISCOUNT | I91: =IF(ISBLANK(H91),"NOT PROVIDED",IF(H91<3,"POOR",IF(H91<4.5,"AVERAGE","EXCELLENT"))) -> NOT PROVIDED | J91: =IF(B91<1000,"LOW PRICE",IF(B91<2000,"MEDIUM PRICE","HIGH PRICE")) -> MEDIUM PRICE
A92: Multifunctional Hanging Storage Box Storage Bag (4 Layers) | B92: 630 | C92: 1100 | D92: =C92-B92 -> 470 | E92: 0.43 | F92: =IF(E92<20%,"LOW DISCOUNT",IF(E92<40%,"MEDIUM DISCOUNT","HIGH DISCOUNT")) -> HIGH DISCOUNT | I92: =IF(ISBLANK(H92),"NOT PROVIDED",IF(H92<3,"POOR",IF(H92<4.5,"AVERAGE","EXCELLENT"))) -> NOT PROVIDED | J92: =IF(B92<1000,"LOW PRICE",IF(B92<2000,"MEDIUM PRICE","HIGH PRICE")) -> LOW PRICE
A93: Wall Clock With Hidden Safe Box | B93: 850 | C93: 1700 | D93: =C93-B93 -> 850 | E93: 0.5 | F93: =IF(E93<20%,"LOW DISCOUNT",IF(E93<40%,"MEDIUM DISCOUNT","HIGH DISCOUNT")) -> HIGH DISCOUNT | I93: =IF(ISBLANK(H93),"NOT PROVIDED",IF(H93<3,"POOR",IF(H93<4.5,"AVERAGE","EXCELLENT"))) -> NOT PROVIDED | J93: =IF(B93<1000,"LOW PRICE",IF(B93<2000,"MEDIUM PRICE","HIGH PRICE")) -> LOW PRICE
A94: Portable Wine Table With Folding Round Table | B94: 1300 | C94: 2500 | D94: =C94-B94 -> 1200 | E94: 0.48 | F94: =IF(E94<20%,"LOW DISCOUNT",IF(E94<40%,"MEDIUM DISCOUNT","HIGH DISCOUNT")) -> HIGH DISCOUNT | I94: =IF(ISBLANK(H94),"NOT PROVIDED",IF(H94<3,"POOR",IF(H94<4.5,"AVERAGE","EXCELLENT"))) -> NOT PROVIDED | J94: =IF(B94<1000,"LOW PRICE",IF(B94<2000,"MEDIUM PRICE","HIGH PRICE")) -> MEDIUM PRICE
A95: Sewing Machine Needle Threader Stitch Insertion Tool Automatic Quick Sewing | B95: 105 | C95: 200 | D95: =C95-B95 -> 95 | E95: 0.48 | F95: =IF(E95<20%,"LOW DISCOUNT",IF(E95<40%,"MEDIUM DISCOUNT","HIGH DISCOUNT")) -> HIGH DISCOUNT | I95: =IF(ISBLANK(H95),"NOT PROVIDED",IF(H95<3,"POOR",IF(H95<4.5,"AVERAGE","EXCELLENT"))) -> NOT PROVIDED | J95: =IF(B95<1000,"LOW PRICE",IF(B95<2000,"MEDIUM PRICE","HIGH PRICE")) -> LOW PRICE
A96: 6 Layers Steel Pipe Assembling Dustproof Storage Shoe Cabinet | B96: 899 | C96: 1699 | D96: =C96-B96 -> 800 | E96: 0.47 | F96: =IF(E96<20%,"LOW DISCOUNT",IF(E96<40%,"MEDIUM DISCOUNT","HIGH DISCOUNT")) -> HIGH DISCOUNT | I96: =IF(ISBLANK(H96),"NOT PROVIDED",IF(H96<3,"POOR",IF(H96<4.5,"AVERAGE","EXCELLENT"))) -> NOT PROVIDED | J96: =IF(B96<1000,"LOW PRICE",IF(B96<2000,"MEDIUM PRICE","HIGH PRICE")) -> LOW PRICE
A97: 2PCS Ice Silk Square Cushion Cover Pillowcases - 65x65cm | B97: 1200 | C97: 2400 | D97: =C97-B97 -> 1200 | E97: 0.5 | F97: =IF(E97<20%,"LOW DISCOUNT",IF(E97<40%,"MEDIUM DISCOUNT","HIGH DISCOUNT")) -> HIGH DISCOUNT | I97: =IF(ISBLANK(H97),"NOT PROVIDED",IF(H97<3,"POOR",IF(H97<4.5,"AVERAGE","EXCELLENT"))) -> NOT PROVIDED | J97: =IF(B97<1000,"LOW PRICE",IF(B97<2000,"MEDIUM PRICE","HIGH PRICE")) -> MEDIUM PRICE
... A103: 8in1 Screwdriver With LED Light | B103: 1080 | C103: 1874 | D103: =C103-B103 -> 794 | E103: 0.42 | F103: =IF(E103<20%,"LOW DISCOUNT",IF(E103<40%,"MEDIUM DISCOUNT","HIGH DISCOUNT")) -> HIGH DISCOUNT | I103: =IF(ISBLANK(H103),"NOT PROVIDED",IF(H103<3,"POOR",IF(H103<4.5,"AVERAGE","EXCELLENT"))) -> NOT PROVIDED | J103: =IF(B103<1000,"LOW PRICE",IF(B103<2000,"MEDIUM PRICE","HIGH PRICE")) -> MEDIUM PRICE
A104: Konka Healty Electric Kettle, 24-hour Heat Preservation,1.5L,800W, White | B104: 3640 | C104: 4588 | D104: =C104-B104 -> 948 | E104: 0.21 | F104: =IF(E104<20%,"LOW DISCOUNT",IF(E104<40%,"MEDIUM DISCOUNT","HIGH DISCOUNT")) -> MEDIUM DISCOUNT | G104: 1 | H104: 5 | I104: =IF(ISBLANK(H104),"NOT PROVIDED",IF(H104<3,"POOR",IF(H104<4.5,"AVERAGE","EXCELLENT"))) -> EXCELLENT | J104: =IF(B104<1000,"LOW PRICE",IF(B104<2000,"MEDIUM PRICE","HIGH PRICE")) -> HIGH PRICE
A105: 9pcs Gas Mask, For Painting, Dust, Formaldehyde Grinding, Polishing | B105: 1420 | C105: 2420 | D105: =C105-B105 -> 1000 | E105: 0.41 | F105: =IF(E105<20%,"LOW DISCOUNT",IF(E105<40%,"MEDIUM DISCOUNT","HIGH DISCOUNT")) -> HIGH DISCOUNT | I105: =IF(ISBLANK(H105),"NOT PROVIDED",IF(H105<3,"POOR",IF(H105<4.5,"AVERAGE","EXCELLENT"))) -> NOT PROVIDED | J105: =IF(B105<1000,"LOW PRICE",IF(B105<2000,"MEDIUM PRICE","HIGH PRICE")) -> MEDIUM PRICE
A106: 24 Grid Wall-mounted Sundries Organiser Fabric Closet Bag Storage Rack | B106: 1875 | C106: 1899 | D106: =C106-B106 -> 24 | E106: 0.01 | F106: =IF(E106<20%,"LOW DISCOUNT",IF(E106<40%,"MEDIUM DISCOUNT","HIGH DISCOUNT")) -> LOW DISCOUNT | I106: =IF(ISBLANK(H106),"NOT PROVIDED",IF(H106<3,"POOR",IF(H106<4.5,"AVERAGE","EXCELLENT"))) -> NOT PROVIDED | J106: =IF(B106<1000,"LOW PRICE",IF(B106<2000,"MEDIUM PRICE","HIGH PRICE")) -> MEDIUM PRICE
A107: 1PC Refrigerator Food Seal Pocket Fridge Bags | B107: 198 | C107: 260 | D107: =C107-B107 -> 62 | E107: 0.24 | F107: =IF(E107<20%,"LOW DISCOUNT",IF(E107<40%,"MEDIUM DISCOUNT","HIGH DISCOUNT")) -> MEDIUM DISCOUNT | I107: =IF(ISBLANK(H107),"NOT PROVIDED",IF(H107<3,"POOR",IF(H107<4.5,"AVERAGE","EXCELLENT"))) -> NOT PROVIDED | J107: =IF(B107<1000,"LOW PRICE",IF(B107<2000,"MEDIUM PRICE","HIGH PRICE")) -> LOW PRICE
A108: LED Solar Street Light-fake Camera | B108: 1150 | C108: 1737 | D108: =C108-B108 -> 587 | E108: 0.34 | F108: =IF(E108<20%,"LOW DISCOUNT",IF(E108<40%,"MEDIUM DISCOUNT","HIGH DISCOUNT")) -> MEDIUM DISCOUNT | I108: =IF(ISBLANK(H108),"NOT PROVIDED",IF(H108<3,"POOR",IF(H108<4.5,"AVERAGE","EXCELLENT"))) -> NOT PROVIDED | J108: =IF(B108<1000,"LOW PRICE",IF(B108<2000,"MEDIUM PRICE","HIGH PRICE")) -> MEDIUM PRICE
A109: Cartoon Embroidered Mini Towel Bear Cotton Wash Cloth Hand 4pcs | B109: 1190 | C109: 1810 | D109: =C109-B109 -> 620 | E109: 0.34 | F109: =IF(E109<20%,"LOW DISCOUNT",IF(E109<40%,"MEDIUM DISCOUNT","HIGH DISCOUNT")) -> MEDIUM DISCOUNT | I109: =IF(ISBLANK(H109),"NOT PROVIDED",IF(H109<3,"POOR",IF(H109<4.5,"AVERAGE","EXCELLENT"))) -> NOT PROVIDED | J109: =IF(B109<1000,"LOW PRICE",IF(B109<2000,"MEDIUM PRICE","HIGH PRICE")) -> MEDIUM PRICE
A110: Shower Nozzle Cleaning Unclogging Needle Mini Crevice Small Hole Cleaning Brush | B110: 1658 | C110: 1699 | D110: =C110-B110 -> 41 | E110: 0.02 | F110: =IF(E110<20%,"LOW DISCOUNT",IF(E110<40%,"MEDIUM DISCOUNT","HIGH DISCOUNT")) -> LOW DISCOUNT | I110: =IF(ISBLANK(H110),"NOT PROVIDED",IF(H110<3,"POOR",IF(H110<4.5,"AVERAGE","EXCELLENT"))) -> NOT PROVIDED | J110: =IF(B110<1000,"LOW PRICE",IF(B110<2000,"MEDIUM PRICE","HIGH PRICE")) -> MEDIUM PRICE
A111: Thickening Multipurpose Non Stick Easy To Clean Heat Resistant Spoon Pad | B111: 1768 | C111: 1799 | D111: =C111-B111 -> 31 | E111: 0.02 | F111: =IF(E111<20%,"LOW DISCOUNT",IF(E111<40%,"MEDIUM DISCOUNT","HIGH DISCOUNT")) -> LOW DISCOUNT | I111: =IF(ISBLANK(H111),"NOT PROVIDED",IF(H111<3,"POOR",IF(H111<4.5,"AVERAGE","EXCELLENT"))) -> NOT PROVIDED | J111: =IF(B111<1000,"LOW PRICE",IF(B111<2000,"MEDIUM PRICE","HIGH PRICE")) -> MEDIUM PRICE
A112: 6 In 1 Bottle Can Opener Multifunctional Easy Opener | B112: 199 | C112: 553 | D112: =C112-B112 -> 354 | E112: 0.64 | F112: =IF(E112<20%,"LOW DISCOUNT",IF(E112<40%,"MEDIUM DISCOUNT","HIGH DISCOUNT")) -> HIGH DISCOUNT | I112: =IF(ISBLANK(H112),"NOT PROVIDED",IF(H112<3,"POOR",IF(H112<4.5,"AVERAGE","EXCELLENT"))) -> NOT PROVIDED | J112: =IF(B112<1000,"LOW PRICE",IF(B112<2000,"MEDIUM PRICE","HIGH PRICE")) -> LOW PRICE
A113: Wall-mounted Sticker Punch-free Plug Fixer | B113: 450 | C113: 900 | D113: =C113-B113 -> 450 | E113: 0.5 | F113: =IF(E113<20%,"LOW DISCOUNT",IF(E113<40%,"MEDIUM DISCOUNT","HIGH DISCOUNT")) -> HIGH DISCOUNT | G113: 1 | H113: 2 | I113: =IF(ISBLANK(H113),"NOT PROVIDED",IF(H113<3,"POOR",IF(H113<4.5,"AVERAGE","EXCELLENT"))) -> POOR | J113: =IF(B113<1000,"LOW PRICE",IF(B113<2000,"MEDIUM PRICE","HIGH PRICE")) -> LOW PRICE
A114: Black Simple Water Cup Wine Coaster Anti Slip Absorbent | B114: 169 | C114: 320 | D114: =C114-B114 -> 151 | E114: 0.47 | F114: =IF(E114<20%,"LOW DISCOUNT",IF(E114<40%,"MEDIUM DISCOUNT","HIGH DISCOUNT")) -> HIGH DISCOUNT | I114: =IF(ISBLANK(H114),"NOT PROVIDED",IF(H114<3,"POOR",IF(H114<4.5,"AVERAGE","EXCELLENT"))) -> NOT PROVIDED | J114: =IF(B114<1000,"LOW PRICE",IF(B114<2000,"MEDIUM PRICE","HIGH PRICE")) -> LOW PRICE

Sheet TOP 5 LOWEST RATED PRODUCTS
A1: Product | B1: Current price | C1: Old price | D1: Discount Price | E1: Discount | F1: Discount category | G1: Review | H1: Ratingd | I1: Rating Category | J1: Price Category
A2: Wall-mounted Sticker Punch-free Plug Fixer | B2: 450 | C2: 900 | D2: =C2-B2 -> 450 | E2: 0.5 | F2: =IF(E2<20%,"LOW DISCOUNT",IF(E2<40%,"MEDIUM DISCOUNT","HIGH DISCOUNT")) -> HIGH DISCOUNT | G2: 1 | H2: 2 | I2: =IF(ISBLANK(H2),"NOT PROVIDED",IF(H2<3,"POOR",IF(H2<4.5,"AVERAGE","EXCELLENT"))) -> POOR | J2: =IF(B2<1000,"LOW PRICE",IF(B2<2000,"MEDIUM PRICE","HIGH PRICE")) -> LOW PRICE
A3: Electric LED UV Mosquito Killer Lamp, Outdoor/Indoor Fly Killer Trap Light -USB | B3: 1570 | C3: 2988 | D3: =C3-B3 -> 1418 | E3: 0.47 | F3: =IF(E3<20%,"LOW DISCOUNT",IF(E3<40%,"MEDIUM DISCOUNT","HIGH DISCOUNT")) -> HIGH DISCOUNT | G3: 7 | H3: 2.1 | I3: =IF(ISBLANK(H3),"NOT PROVIDED",IF(H3<3,"POOR",IF(H3<4.5,"AVERAGE","EXCELLENT"))) -> POOR | J3: =IF(B3<1000,"LOW PRICE",IF(B3<2000,"MEDIUM PRICE","HIGH PRICE")) -> MEDIUM PRICE
A4: 5-PCS Stainless Steel Cooking Pot Set With Steamed Slices | B4: 2115 | C4: 4700 | D4: =C4-B4 -> 2585 | E4: 0.55 | F4: =IF(E4<20%,"LOW DISCOUNT",IF(E4<40%,"MEDIUM DISCOUNT","HIGH DISCOUNT")) -> HIGH DISCOUNT | G4: 13 | H4: 2.1 | I4: =IF(ISBLANK(H4),"NOT PROVIDED",IF(H4<3,"POOR",IF(H4<4.5,"AVERAGE","EXCELLENT"))) -> POOR | J4: =IF(B4<1000,"LOW PRICE",IF(B4<2000,"MEDIUM PRICE","HIGH PRICE")) -> HIGH PRICE
A5: Wall-Mounted Toothbrush Toothpaste Holder With Multiple Slots | B5: 1468 | C5: 1699 | D5: =C5-B5 -> 231 | E5: 0.14 | F5: =IF(E5<20%,"LOW DISCOUNT",IF(E5<40%,"MEDIUM DISCOUNT","HIGH DISCOUNT")) -> LOW DISCOUNT | I5: =IF(ISBLANK(H5),"NOT PROVIDED",IF(H5<3,"POOR",IF(H5<4.5,"AVERAGE","EXCELLENT"))) -> NOT PROVIDED | J5: =IF(B5<1000,"LOW PRICE",IF(B5<2000,"MEDIUM PRICE","HIGH PRICE")) -> MEDIUM PRICE
A6: Artificial Potted Flowers Room Decorative Flowers (2 Pieces) | B6: 990 | C6: 1814 | D6: =C6-B6 -> 824 | E6: 0.45 | F6: =IF(E6<20%,"LOW DISCOUNT",IF(E6<40%,"MEDIUM DISCOUNT","HIGH DISCOUNT")) -> HIGH DISCOUNT | G6: 6 | H6: 2.2 | I6: =IF(ISBLANK(H6),"NOT PROVIDED",IF(H6<3,"POOR",IF(H6<4.5,"AVERAGE","EXCELLENT"))) -> POOR | J6: =IF(B6<1000,"LOW PRICE",IF(B6<2000,"MEDIUM PRICE","HIGH PRICE")) -> LOW PRICE
A7: Wall Mount Automatic Toothpaste Dispenser Toothbrush Holder Toothpaste Squeezer | B7: 1526 | C7: 1660 | D7: =C7-B7 -> 134 | E7: 0.08 | F7: =IF(E7<20%,"LOW DISCOUNT",IF(E7<40%,"MEDIUM DISCOUNT","HIGH DISCOUNT")) -> LOW DISCOUNT | I7: =IF(ISBLANK(H7),"NOT PROVIDED",IF(H7<3,"POOR",IF(H7<4.5,"AVERAGE","EXCELLENT"))) -> NOT PROVIDED | J7: =IF(B7<1000,"LOW PRICE",IF(B7<2000,"MEDIUM PRICE","HIGH PRICE")) -> MEDIUM PRICE
A8: Wall Clock With Hidden Safe Box | B8: 850 | C8: 1700 | D8: =C8-B8 -> 850 | E8: 0.5 | F8: =IF(E8<20%,"LOW DISCOUNT",IF(E8<40%,"MEDIUM DISCOUNT","HIGH DISCOUNT")) -> HIGH DISCOUNT | I8: =IF(ISBLANK(H8),"NOT PROVIDED",IF(H8<3,"POOR",IF(H8<4.5,"AVERAGE","EXCELLENT"))) -> NOT PROVIDED | J8: =IF(B8<1000,"LOW PRICE",IF(B8<2000,"MEDIUM PRICE","HIGH PRICE")) -> LOW PRICE
A9: 7-piece Set Of Storage Bags, Travel Storage Bags, Shoe Bags | B9: 968 | C9: 1814 | D9: =C9-B9 -> 846 | E9: 0.47 | F9: =IF(E9<20%,"LOW DISCOUNT",IF(E9<40%,"MEDIUM DISCOUNT","HIGH DISCOUNT")) -> HIGH DISCOUNT | G9: 6 | H9: 2.2 | I9: =IF(ISBLANK(H9),"NOT PROVIDED",IF(H9<3,"POOR",IF(H9<4.5,"AVERAGE","EXCELLENT"))) -> POOR | J9: =IF(B9<1000,"LOW PRICE",IF(B9<2000,"MEDIUM PRICE","HIGH PRICE")) -> LOW PRICE
A10: Thickening Multipurpose Non Stick Easy To Clean Heat Resistant Spoon Pad | B10: 1768 | C10: 1799 | D10: =C10-B10 -> 31 | E10: 0.02 | F10: =IF(E10<20%,"LOW DISCOUNT",IF(E10<40%,"MEDIUM DISCOUNT","HIGH DISCOUNT")) -> LOW DISCOUNT | I10: =IF(ISBLANK(H10),"NOT PROVIDED",IF(H10<3,"POOR",IF(H10<4.5,"AVERAGE","EXCELLENT"))) -> NOT PROVIDED | J10: =IF(B10<1000,"LOW PRICE",IF(B10<2000,"MEDIUM PRICE","HIGH PRICE")) -> MEDIUM PRICE
A11: Simple Metal Dog Art Sculpture Decoration For Home Office | B11: 499 | C11: 900 | D11: =C11-B11 -> 401 | E11: 0.45 | F11: =IF(E11<20%,"LOW DISCOUNT",IF(E11<40%,"MEDIUM DISCOUNT","HIGH DISCOUNT")) -> HIGH DISCOUNT | I11: =IF(ISBLANK(H11),"NOT PROVIDED",IF(H11<3,"POOR",IF(H11<4.5,"AVERAGE","EXCELLENT"))) -> NOT PROVIDED | J11: =IF(B11<1000,"LOW PRICE",IF(B11<2000,"MEDIUM PRICE","HIGH PRICE")) -> LOW PRICE
A12: Simple Metal Dog Art Sculpture Decoration For Home Office | B12: 399 | C12: 896 | D12: =C12-B12 -> 497 | E12: 0.55 | F12: =IF(E12<20%,"LOW DISCOUNT",IF(E12<40%,"MEDIUM DISCOUNT","HIGH DISCOUNT")) -> HIGH DISCOUNT | I12: =IF(ISBLANK(H12),"NOT PROVIDED",IF(H12<3,"POOR",IF(H12<4.5,"AVERAGE","EXCELLENT"))) -> NOT PROVIDED | J12: =IF(B12<1000,"LOW PRICE",IF(B12<2000,"MEDIUM PRICE","HIGH PRICE")) -> LOW PRICE
A13: Shower Nozzle Cleaning Unclogging Needle Mini Crevice Small Hole Cleaning Brush | B13: 1658 | C13: 1699 | D13: =C13-B13 -> 41 | E13: 0.02 | F13: =IF(E13<20%,"LOW DISCOUNT",IF(E13<40%,"MEDIUM DISCOUNT","HIGH DISCOUNT")) -> LOW DISCOUNT | I13: =IF(ISBLANK(H13),"NOT PROVIDED",IF(H13<3,"POOR",IF(H13<4.5,"AVERAGE","EXCELLENT"))) -> NOT PROVIDED | J13: =IF(B13<1000,"LOW PRICE",IF(B13<2000,"MEDIUM PRICE","HIGH PRICE")) -> MEDIUM PRICE
A14: Shower Cap Wide Elastic Band Cover Reusable Bashroom Cap | B14: 2132 | C14: 2169 | D14: =C14-B14 -> 37 | E14: 0.02 | F14: =IF(E14<20%,"LOW DISCOUNT",IF(E14<40%,"MEDIUM DISCOUNT","HIGH DISCOUNT")) -> LOW DISCOUNT | I14: =IF(ISBLANK(H14),"NOT PROVIDED",IF(H14<3,"POOR",IF(H14<4.5,"AVERAGE","EXCELLENT"))) -> NOT PROVIDED | J14: =IF(B14<1000,"LOW PRICE",IF(B14<2000,"MEDIUM PRICE","HIGH PRICE")) -> HIGH PRICE
A15: Sewing Machine Needle Threader Stitch Insertion Tool Automatic Quick Sewing | B15: 105 | C15: 200 | D15: =C15-B15 -> 95 | E15: 0.48 | F15: =IF(E15<20%,"LOW DISCOUNT",IF(E15<40%,"MEDIUM DISCOUNT","HIGH DISCOUNT")) -> HIGH DISCOUNT | I15: =IF(ISBLANK(H15),"NOT PROVIDED",IF(H15<3,"POOR",IF(H15<4.5,"AVERAGE","EXCELLENT"))) -> NOT PROVIDED | J15: =IF(B15<1000,"LOW PRICE",IF(B15<2000,"MEDIUM PRICE","HIGH PRICE")) -> LOW PRICE
A16: Watercolour Gold Foil Textured Print Pillow Cover | B16: 345 | C16: 602 | D16: =C16-B16 -> 257 | E16: 0.43 | F16: =IF(E16<20%,"LOW DISCOUNT",IF(E16<40%,"MEDIUM DISCOUNT","HIGH DISCOUNT")) -> HIGH DISCOUNT | G16: 6 | H16: 2.3 | I16: =IF(ISBLANK(H16),"NOT PROVIDED",IF(H16<3,"POOR",IF(H16<4.5,"AVERAGE","EXCELLENT"))) -> POOR | J16: =IF(B16<1000,"LOW PRICE",IF(B16<2000,"MEDIUM PRICE","HIGH PRICE")) -> LOW PRICE
A17: Portable Wine Table With Folding Round Table | B17: 1300 | C17: 2500 | D17: =C17-B17 -> 1200 | E17: 0.48 | F17: =IF(E17<20%,"LOW DISCOUNT",IF(E17<40%,"MEDIUM DISCOUNT","HIGH DISCOUNT")) -> HIGH DISCOUNT | I17: =IF(ISBLANK(H17),"NOT PROVIDED",IF(H17<3,"POOR",IF(H17<4.5,"AVERAGE","EXCELLENT"))) -> NOT PROVIDED | J17: =IF(B17<1000,"LOW PRICE",IF(B17<2000,"MEDIUM PRICE","HIGH PRICE")) -> MEDIUM PRICE
A18: 380ML USB Rechargeable Portable Small Blenders And Juicers | B18: 1000 | C18: 2000 | D18: =C18-B18 -> 1000 | E18: 0.5 | F18: =IF(E18<20%,"LOW DISCOUNT",IF(E18<40%,"MEDIUM DISCOUNT","HIGH DISCOUNT")) -> HIGH DISCOUNT | G18: 7 | H18: 2.3 | I18: =IF(ISBLANK(H18),"NOT PROVIDED",IF(H18<3,"POOR",IF(H18<4.5,"AVERAGE","EXCELLENT"))) -> POOR | J18: =IF(B18<1000,"LOW PRICE",IF(B18<2000,"MEDIUM PRICE","HIGH PRICE")) -> MEDIUM PRICE
A19: Portable Soap Dispenser Kitchen Detergent Press Box Kitchen Tools | B19: 1462 | C19: 1499 | D19: =C19-B19 -> 37 | E19: 0.02 | F19: =IF(E19<20%,"LOW DISCOUNT",IF(E19<40%,"MEDIUM DISCOUNT","HIGH DISCOUNT")) -> LOW DISCOUNT | I19: =IF(ISBLANK(H19),"NOT PROVIDED",IF(H19<3,"POOR",IF(H19<4.5,"AVERAGE","EXCELLENT"))) -> NOT PROVIDED | J19: =IF(B19<1000,"LOW PRICE",IF(B19<2000,"MEDIUM PRICE","HIGH PRICE")) -> MEDIUM PRICE
A20: 5 Pieces/set Of Stainless Steel Induction Cooker Pots | B20: 2170 | C20: 2500 | D20: =C20-B20 -> 330 | E20: 0.13 | F20: =IF(E20<20%,"LOW DISCOUNT",IF(E20<40%,"MEDIUM DISCOUNT","HIGH DISCOUNT")) -> LOW DISCOUNT | G20: 6 | H20: 2.5 | I20: =IF(ISBLANK(H20),"NOT PROVIDED",IF(H20<3,"POOR",IF(H20<4.5,"AVERAGE","EXCELLENT"))) -> POOR | J20: =IF(B20<1000,"LOW PRICE",IF(B20<2000,"MEDIUM PRICE","HIGH PRICE")) -> HIGH PRICE
A21: Agapeon Toothbrush Holder And Toothpaste Dispenser | B21: 382 | C21: 700 | D21: =C21-B21 -> 318 | E21: 0.45 | F21: =IF(E21<20%,"LOW DISCOUNT",IF(E21<40%,"MEDIUM DISCOUNT","HIGH DISCOUNT")) -> HIGH DISCOUNT | G21: 17 | H21: 2.6 | I21: =IF(ISBLANK(H21),"NOT PROVIDED",IF(H21<3,"POOR",IF(H21<4.5,"AVERAGE","EXCELLENT"))) -> POOR | J21: =IF(B21<1000,"LOW PRICE",IF(B21<2000,"MEDIUM PRICE","HIGH PRICE")) -> LOW PRICE
A22: Pilates Cloth Bag Waterproof Durable High Capacity Purple | B22: 299 | C22: 384 | D22: =C22-B22 -> 85 | E22: 0.22 | F22: =IF(E22<20%,"LOW DISCOUNT",IF(E22<40%,"MEDIUM DISCOUNT","HIGH DISCOUNT")) -> MEDIUM DISCOUNT | I22: =IF(ISBLANK(H22),"NOT PROVIDED",IF(H22<3,"POOR",IF(H22<4.5,"AVERAGE","EXCELLENT"))) -> NOT PROVIDED | J22: =IF(B22<1000,"LOW PRICE",IF(B22<2000,"MEDIUM PRICE","HIGH PRICE")) -> LOW PRICE
A23: Pen Grips For Kids Pen Grip Posture Correction Tool For Kids | B23: 1660 | C23: 1699 | D23: =C23-B23 -> 39 | E23: 0.02 | F23: =IF(E23<20%,"LOW DISCOUNT",IF(E23<40%,"MEDIUM DISCOUNT","HIGH DISCOUNT")) -> LOW DISCOUNT | I23: =IF(ISBLANK(H23),"NOT PROVIDED",IF(H23<3,"POOR",IF(H23<4.5,"AVERAGE","EXCELLENT"))) -> NOT PROVIDED | J23: =IF(B23<1000,"LOW PRICE",IF(B23<2000,"MEDIUM PRICE","HIGH PRICE")) -> MEDIUM PRICE
A24: Intelligent LED Body Sensor Wireless Lighting Night Light USB | B24: 325 | C24: 680 | D24: =C24-B24 -> 355 | E24: 0.52 | F24: =IF(E24<20%,"LOW DISCOUNT",IF(E24<40%,"MEDIUM DISCOUNT","HIGH DISCOUNT")) -> HIGH DISCOUNT | G24: 15 | H24: 2.7 | I24: =IF(ISBLANK(H24),"NOT PROVIDED",IF(H24<3,"POOR",IF(H24<4.5,"AVERAGE","EXCELLENT"))) -> POOR | J24: =IF(B24<1000,"LOW PRICE",IF(B24<2000,"MEDIUM PRICE","HIGH PRICE")) -> LOW PRICE
A25: Outdoor Portable Water Bottle With Medicine Box - 600ML - Black | B25: 799 | C25: 900 | D25: =C25-B25 -> 101 | E25: 0.11 | F25: =IF(E25<20%,"LOW DISCOUNT",IF(E25<40%,"MEDIUM DISCOUNT","HIGH DISCOUNT")) -> LOW DISCOUNT | I25: =IF(ISBLANK(H25),"NOT PROVIDED",IF(H25<3,"POOR",IF(H25<4.5,"AVERAGE","EXCELLENT"))) -> NOT PROVIDED | J25: =IF(B25<1000,"LOW PRICE",IF(B25<2000,"MEDIUM PRICE","HIGH PRICE")) -> LOW PRICE
A26: Office Chair Lumbar Back Support Spine Posture Correction Pillow Car Cushion | B26: 1466 | C26: 1699 | D26: =C26-B26 -> 233 | E26: 0.14 | F26: =IF(E26<20%,"LOW DISCOUNT",IF(E26<40%,"MEDIUM DISCOUNT","HIGH DISCOUNT")) -> LOW DISCOUNT | I26: =IF(ISBLANK(H26),"NOT PROVIDED",IF(H26<3,"POOR",IF(H26<4.5,"AVERAGE","EXCELLENT"))) -> NOT PROVIDED | J26: =IF(B26<1000,"LOW PRICE",IF(B26<2000,"MEDIUM PRICE","HIGH PRICE")) -> MEDIUM PRICE
A27: 120W Cordless Vacuum Cleaners Handheld Electric Vacuum Cleaner | B27: 445 | C27: 873 | D27: =C27-B27 -> 428 | E27: 0.49 | F27: =IF(E27<20%,"LOW DISCOUNT",IF(E27<40%,"MEDIUM DISCOUNT","HIGH DISCOUNT")) -> HIGH DISCOUNT | G27: 69 | H27: 2.8 | I27: =IF(ISBLANK(H27),"NOT PROVIDED",IF(H27<3,"POOR",IF(H27<4.5,"AVERAGE","EXCELLENT"))) -> POOR | J27: =IF(B27<1000,"LOW PRICE",IF(B27<2000,"MEDIUM PRICE","HIGH PRICE")) -> LOW PRICE
A28: Multi-purpose Rice Drainage Basket And Fruit And Vegetable Drainage Sieve | B28: 1459 | C28: 1499 | D28: =C28-B28 -> 40 | E28: 0.03 | F28: =IF(E28<20%,"LOW DISCOUNT",IF(E28<40%,"MEDIUM DISCOUNT","HIGH DISCOUNT")) -> LOW DISCOUNT | I28: =IF(ISBLANK(H28),"NOT PROVIDED",IF(H28<3,"POOR",IF(H28<4.5,"AVERAGE","EXCELLENT"))) -> NOT PROVIDED | J28: =IF(B28<1000,"LOW PRICE",IF(B28<2000,"MEDIUM PRICE","HIGH PRICE")) -> MEDIUM PRICE
A29: MultiFunctional Storage Rack Multi-layer Bookshelf | B29: 2200 | C29: 4080 | D29: =C29-B29 -> 1880 | E29: 0.46 | F29: =IF(E29<20%,"LOW DISCOUNT",IF(E29<40%,"MEDIUM DISCOUNT","HIGH DISCOUNT")) -> HIGH DISCOUNT | I29: =IF(ISBLANK(H29),"NOT PROVIDED",IF(H29<3,"POOR",IF(H29<4.5,"AVERAGE","EXCELLENT"))) -> NOT PROVIDED | J29: =IF(B29<1000,"LOW PRICE",IF(B29<2000,"MEDIUM PRICE","HIGH PRICE")) -> HIGH PRICE
A30: Multifunctional Hanging Storage Box Storage Bag (4 Layers) | B30: 630 | C30: 1100 | D30: =C30-B30 -> 470 | E30: 0.43 | F30: =IF(E30<20%,"LOW DISCOUNT",IF(E30<40%,"MEDIUM DISCOUNT","HIGH DISCOUNT")) -> HIGH DISCOUNT | I30: =IF(ISBLANK(H30),"NOT PROVIDED",IF(H30<3,"POOR",IF(H30<4.5,"AVERAGE","EXCELLENT"))) -> NOT PROVIDED | J30: =IF(B30<1000,"LOW PRICE",IF(B30<2000,"MEDIUM PRICE","HIGH PRICE")) -> LOW PRICE
A31: VIC Wireless Vacuum Cleaner Dual Use For Home And Car 120W High Power Powerful | B31: 1220 | C31: 1555 | D31: =C31-B31 -> 335 | E31: 0.22 | F31: =IF(E31<20%,"LOW DISCOUNT",IF(E31<40%,"MEDIUM DISCOUNT","HIGH DISCOUNT")) -> MEDIUM DISCOUNT | G31: 16 | H31: 2.9 | I31: =IF(ISBLANK(H31),"NOT PROVIDED",IF(H31<3,"POOR",IF(H31<4.5,"AVERAGE","EXCELLENT"))) -> POOR | J31: =IF(B31<1000,"LOW PRICE",IF(B31<2000,"MEDIUM PRICE","HIGH PRICE")) -> MEDIUM PRICE
A32: Modern Sofa Throw Pillow Cover-45x45cm-Blue&Red | B32: 238 | C32: 476 | D32: =C32-B32 -> 238 | E32: 0.5 | F32: =IF(E32<20%,"LOW DISCOUNT",IF(E32<40%,"MEDIUM DISCOUNT","HIGH DISCOUNT")) -> HIGH DISCOUNT | I32: =IF(ISBLANK(H32),"NOT PROVIDED",IF(H32<3,"POOR",IF(H32<4.5,"AVERAGE","EXCELLENT"))) -> NOT PROVIDED | J32: =IF(B32<1000,"LOW PRICE",IF(B32<2000,"MEDIUM PRICE","HIGH PRICE")) -> LOW PRICE
A33: Metal Wall Clock Silver Dial Crystal Jewelry Round Home Decoration Wall Clock | B33: 3546 | C33: 3699 | D33: =C33-B33 -> 153 | E33: 0.04 | F33: =IF(E33<20%,"LOW DISCOUNT",IF(E33<40%,"MEDIUM DISCOUNT","HIGH DISCOUNT")) -> LOW DISCOUNT | I33: =IF(ISBLANK(H33),"NOT PROVIDED",IF(H33<3,"POOR",IF(H33<4.5,"AVERAGE","EXCELLENT"))) -> NOT PROVIDED | J33: =IF(B33<1000,"LOW PRICE",IF(B33<2000,"MEDIUM PRICE","HIGH PRICE")) -> HIGH PRICE
A34: Wrought Iron Bathroom Shelf Wall Mounted Free Punch Toilet Rack | B34: 509 | C34: 899 | D34: =C34-B34 -> 390 | E34: 0.43 | F34: =IF(E34<20%,"LOW DISCOUNT",IF(E34<40%,"MEDIUM DISCOUNT","HIGH DISCOUNT")) -> HIGH DISCOUNT | G34: 5 | H34: 3 | I34: =IF(ISBLANK(H34),"NOT PROVIDED",IF(H34<3,"POOR",IF(H34<4.5,"AVERAGE","EXCELLENT"))) -> AVERAGE | J34: =IF(B34<1000,"LOW PRICE",IF(B34<2000,"MEDIUM PRICE","HIGH PRICE")) -> LOW PRICE
A35: Mythco 120COB Solar Wall Ligt With Motion Sensor And Remote Control 3 Modes | B35: 458 | C35: 986 | D35: =C35-B35 -> 528 | E35: 0.54 | F35: =IF(E35<20%,"LOW DISCOUNT",IF(E35<40%,"MEDIUM DISCOUNT","HIGH DISCOUNT")) -> HIGH DISCOUNT | G35: 10 | H35: 3 | I35: =IF(ISBLANK(H35),"NOT PROVIDED",IF(H35<3,"POOR",IF(H35<4.5,"AVERAGE","EXCELLENT"))) -> AVERAGE | J35: =IF(B35<1000,"LOW PRICE",IF(B35<2000,"MEDIUM PRICE","HIGH PRICE")) -> LOW PRICE
A36: Memory Foam Neck Pillow Cover, With Pillow Core - 50*30cm | B36: 1189 | C36: 2199 | D36: =C36-B36 -> 1010 | E36: 0.46 | F36: =IF(E36<20%,"LOW DISCOUNT",IF(E36<40%,"MEDIUM DISCOUNT","HIGH DISCOUNT")) -> HIGH DISCOUNT | G36: 1 | H36: 3 | I36: =IF(ISBLANK(H36),"NOT PROVIDED",IF(H36<3,"POOR",IF(H36<4.5,"AVERAGE","EXCELLENT"))) -> AVERAGE | J36: =IF(B36<1000,"LOW PRICE",IF(B36<2000,"MEDIUM PRICE","HIGH PRICE")) -> MEDIUM PRICE
A37: LED Solar Street Light-fake Camera | B37: 1150 | C37: 1737 | D37: =C37-B37 -> 587 | E37: 0.34 | F37: =IF(E37<20%,"LOW DISCOUNT",IF(E37<40%,"MEDIUM DISCOUNT","HIGH DISCOUNT")) -> MEDIUM DISCOUNT | I37: =IF(ISBLANK(H37),"NOT PROVIDED",IF(H37<3,"POOR",IF(H37<4.5,"AVERAGE","EXCELLENT"))) -> NOT PROVIDED | J37: =IF(B37<1000,"LOW PRICE",IF(B37<2000,"MEDIUM PRICE","HIGH PRICE")) -> MEDIUM PRICE
A38: Large Lazy Inflatable Sofa Chairs PVC Lounger Seat Bag | B38: 2300 | C38: 3240 | D38: =C38-B38 -> 940 | E38: 0.29 | F38: =IF(E38<20%,"LOW DISCOUNT",IF(E38<40%,"MEDIUM DISCOUNT","HIGH DISCOUNT")) -> MEDIUM DISCOUNT | G38: 5 | H38: 3 | I38: =IF(ISBLANK(H38),"NOT PROVIDED",IF(H38<3,"POOR",IF(H38<4.5,"AVERAGE","EXCELLENT"))) -> AVERAGE | J38: =IF(B38<1000,"LOW PRICE",IF(B38<2000,"MEDIUM PRICE","HIGH PRICE")) -> HIGH PRICE
A39: 32PCS Portable Cordless Drill Set With Cyclic Battery Drive -26 Variable Speed | B39: 3750 | C39: 6143 | D39: =C39-B39 -> 2393 | E39: 0.39 | F39: =IF(E39<20%,"LOW DISCOUNT",IF(E39<40%,"MEDIUM DISCOUNT","HIGH DISCOUNT")) -> MEDIUM DISCOUNT | G39: 5 | H39: 3 | I39: =IF(ISBLANK(H39),"NOT PROVIDED",IF(H39<3,"POOR",IF(H39<4.5,"AVERAGE","EXCELLENT"))) -> AVERAGE | J39: =IF(B39<1000,"LOW PRICE",IF(B39<2000,"MEDIUM PRICE","HIGH PRICE")) -> HIGH PRICE
A40: LASA Stainless Steel Double Wall Mount Soap Dispenser - 500ml | B40: 2750 | C40: 4471 | D40: =C40-B40 -> 1721 | E40: 0.38 | F40: =IF(E40<20%,"LOW DISCOUNT",IF(E40<40%,"MEDIUM DISCOUNT","HIGH DISCOUNT")) -> MEDIUM DISCOUNT | I40: =IF(ISBLANK(H40),"NOT PROVIDED",IF(H40<3,"POOR",IF(H40<4.5,"AVERAGE","EXCELLENT"))) -> NOT PROVIDED | J40: =IF(B40<1000,"LOW PRICE",IF(B40<2000,"MEDIUM PRICE","HIGH PRICE")) -> HIGH PRICE
A41: 3PCS Single Head Knitting Crochet Sweater Needle Set | B41: 38 | C41: 80 | D41: =C41-B41 -> 42 | E41: 0.53 | F41: =IF(E41<20%,"LOW DISCOUNT",IF(E41<40%,"MEDIUM DISCOUNT","HIGH DISCOUNT")) -> HIGH DISCOUNT | G41: 13 | H41: 3.3 | I41: =IF(ISBLANK(H41),"NOT PROVIDED",IF(H41<3,"POOR",IF(H41<4.5,"AVERAGE","EXCELLENT"))) -> AVERAGE | J41: =IF(B41<1000,"LOW PRICE",IF(B41<2000,"MEDIUM PRICE","HIGH PRICE")) -> LOW PRICE
A42: Portable Wardrobe Nonwoven With 3 Hanging Rods And 6 Storage Shelves | B42: 2880 | C42: 3520 | D42: =C42-B42 -> 640 | E42: 0.18 | F42: =IF(E42<20%,"LOW DISCOUNT",IF(E42<40%,"MEDIUM DISCOUNT","HIGH DISCOUNT")) -> LOW DISCOUNT | G42: 12 | H42: 3.8 | I42: =IF(ISBLANK(H42),"NOT PROVIDED",IF(H42<3,"POOR",IF(H42<4.5,"AVERAGE","EXCELLENT"))) -> AVERAGE | J42: =IF(B42<1000,"LOW PRICE",IF(B42<2000,"MEDIUM PRICE","HIGH PRICE")) -> HIGH PRICE
A43: 13 In 1 Home Repair Tools Box Kit Set | B43: 1600 | C43: 2929 | D43: =C43-B43 -> 1329 | E43: 0.45 | F43: =IF(E43<20%,"LOW DISCOUNT",IF(E43<40%,"MEDIUM DISCOUNT","HIGH DISCOUNT")) -> HIGH DISCOUNT | G43: 5 | H43: 3.8 | I43: =IF(ISBLANK(H43),"NOT PROVIDED",IF(H43<3,"POOR",IF(H43<4.5,"AVERAGE","EXCELLENT"))) -> AVERAGE | J43: =IF(B43<1000,"LOW PRICE",IF(B43<2000,"MEDIUM PRICE","HIGH PRICE")) -> MEDIUM PRICE
A44: 12 Litre Black Insulated Lunch Box | B44: 1350 | C44: 1990 | D44: =C44-B44 -> 640 | E44: 0.32 | F44: =IF(E44<20%,"LOW DISCOUNT",IF(E44<40%,"MEDIUM DISCOUNT","HIGH DISCOUNT")) -> MEDIUM DISCOUNT | G44: 13 | H44: 3.8 | I44: =IF(ISBLANK(H44),"NOT PROVIDED",IF(H44<3,"POOR",IF(H44<4.5,"AVERAGE","EXCELLENT"))) -> AVERAGE | J44: =IF(B44<1000,"LOW PRICE",IF(B44<2000,"MEDIUM PRICE","HIGH PRICE")) -> MEDIUM PRICE
A45: LED Romantic Spaceship Starry Sky Projector,Children's Bedroom Night Light-Blue | B45: 880 | C45: 1350 | D45: =C45-B45 -> 470 | E45: 0.35 | F45: =IF(E45<20%,"LOW DISCOUNT",IF(E45<40%,"MEDIUM DISCOUNT","HIGH DISCOUNT")) -> MEDIUM DISCOUNT | G45: 6 | H45: 4 | I45: =IF(ISBLANK(H45),"NOT PROVIDED",IF(H45<3,"POOR",IF(H45<4.5,"AVERAGE","EXCELLENT"))) -> AVERAGE | J45: =IF(B45<1000,"LOW PRICE",IF(B45<2000,"MEDIUM PRICE","HIGH PRICE")) -> LOW PRICE
A46: Household Pineapple Peeler Peeler | B46: 330 | C46: 647 | D46: =C46-B46 -> 317 | E46: 0.49 | F46: =IF(E46<20%,"LOW DISCOUNT",IF(E46<40%,"MEDIUM DISCOUNT","HIGH DISCOUNT")) -> HIGH DISCOUNT | G46: 1 | H46: 4 | I46: =IF(ISBLANK(H46),"NOT PROVIDED",IF(H46<3,"POOR",IF(H46<4.5,"AVERAGE","EXCELLENT"))) -> AVERAGE | J46: =IF(B46<1000,"LOW PRICE",IF(B46<2000,"MEDIUM PRICE","HIGH PRICE")) -> LOW PRICE
A47: Desk Foldable Fan Adjustable Fan Strong Wind 3 Gear Usb | B47: 988 | C47: 1580 | D47: =C47-B47 -> 592 | E47: 0.37 | F47: =IF(E47<20%,"LOW DISCOUNT",IF(E47<40%,"MEDIUM DISCOUNT","HIGH DISCOUNT")) -> MEDIUM DISCOUNT | G47: 2 | H47: 4 | I47: =IF(ISBLANK(H47),"NOT PROVIDED",IF(H47<3,"POOR",IF(H47<4.5,"AVERAGE","EXCELLENT"))) -> AVERAGE | J47: =IF(B47<1000,"LOW PRICE",IF(B47<2000,"MEDIUM PRICE","HIGH PRICE")) -> LOW PRICE
A48: 220V 60W Electric Soldering Iron Kits With Tools, Tips, And Multimeter | B48: 2999 | C48: 3290 | D48: =C48-B48 -> 291 | E48: 0.09 | F48: =IF(E48<20%,"LOW DISCOUNT",IF(E48<40%,"MEDIUM DISCOUNT","HIGH DISCOUNT")) -> LOW DISCOUNT | G48: 15 | H48: 4 | I48: =IF(ISBLANK(H48),"NOT PROVIDED",IF(H48<3,"POOR",IF(H48<4.5,"AVERAGE","EXCELLENT"))) -> AVERAGE | J48: =IF(B48<1000,"LOW PRICE",IF(B48<2000,"MEDIUM PRICE","HIGH PRICE")) -> HIGH PRICE
A49: Home Decor Chair Cover-Grey | B49: 1980 | C49: 3200 | D49: =C49-B49 -> 1220 | E49: 0.38 | F49: =IF(E49<20%,"LOW DISCOUNT",IF(E49<40%,"MEDIUM DISCOUNT","HIGH DISCOUNT")) -> MEDIUM DISCOUNT | I49: =IF(ISBLANK(H49),"NOT PROVIDED",IF(H49<3,"POOR",IF(H49<4.5,"AVERAGE","EXCELLENT"))) -> NOT PROVIDED | J49: =IF(B49<1000,"LOW PRICE",IF(B49<2000,"MEDIUM PRICE","HIGH PRICE")) -> MEDIUM PRICE
A50: Metal Decorative Hooks Key Hangers Entryway Wall Hooks Towel Hooks - Home | B50: 527 | C50: 999 | D50: =C50-B50 -> 472 | E50: 0.47 | F50: =IF(E50<20%,"LOW DISCOUNT",IF(E50<40%,"MEDIUM DISCOUNT","HIGH DISCOUNT")) -> HIGH DISCOUNT | G50: 14 | H50: 4.1 | I50: =IF(ISBLANK(H50),"NOT PROVIDED",IF(H50<3,"POOR",IF(H50<4.5,"AVERAGE","EXCELLENT"))) -> AVERAGE | J50: =IF(B50<1000,"LOW PRICE",IF(B50<2000,"MEDIUM PRICE","HIGH PRICE")) -> LOW PRICE
A51: Genebre 115 In 1 Screwdriver Repairing Tool Set For IPhone Cellphone Hand Tool | B51: 799 | C51: 999 | D51: =C51-B51 -> 200 | E51: 0.2 | F51: =IF(E51<20%,"LOW DISCOUNT",IF(E51<40%,"MEDIUM DISCOUNT","HIGH DISCOUNT")) -> MEDIUM DISCOUNT | G51: 12 | H51: 4.1 | I51: =IF(ISBLANK(H51),"NOT PROVIDED",IF(H51<3,"POOR",IF(H51<4.5,"AVERAGE","EXCELLENT"))) -> AVERAGE | J51: =IF(B51<1000,"LOW PRICE",IF(B51<2000,"MEDIUM PRICE","HIGH PRICE")) -> LOW PRICE
A52: 52 Pieces Cake Decorating Tool Set Gift Kit Baking Supplies | B52: 1758 | C52: 2499 | D52: =C52-B52 -> 741 | E52: 0.3 | F52: =IF(E52<20%,"LOW DISCOUNT",IF(E52<40%,"MEDIUM DISCOUNT","HIGH DISCOUNT")) -> MEDIUM DISCOUNT | G52: 20 | H52: 4.1 | I52: =IF(ISBLANK(H52),"NOT PROVIDED",IF(H52<3,"POOR",IF(H52<4.5,"AVERAGE","EXCELLENT"))) -> AVERAGE | J52: =IF(B52<1000,"LOW PRICE",IF(B52<2000,"MEDIUM PRICE","HIGH PRICE")) -> MEDIUM PRICE
A53: Multifunction Laser Level With Adjustment Tripod | B53: 1680 | C53: 2499 | D53: =C53-B53 -> 819 | E53: 0.33 | F53: =IF(E53<20%,"LOW DISCOUNT",IF(E53<40%,"MEDIUM DISCOUNT","HIGH DISCOUNT")) -> MEDIUM DISCOUNT | G53: 9 | H53: 4.2 | I53: =IF(ISBLANK(H53),"NOT PROVIDED",IF(H53<3,"POOR",IF(H53<4.5,"AVERAGE","EXCELLENT"))) -> AVERAGE | J53: =IF(B53<1000,"LOW PRICE",IF(B53<2000,"MEDIUM PRICE","HIGH PRICE")) -> MEDIUM PRICE
A54: Punch-free Great Load Bearing Bathroom Storage Rack Wall Shelf-White | B54: 389 | C54: 656 | D54: =C54-B54 -> 267 | E54: 0.41 | F54: =IF(E54<20%,"LOW DISCOUNT",IF(E54<40%,"MEDIUM DISCOUNT","HIGH DISCOUNT")) -> HIGH DISCOUNT | G54: 36 | H54: 4.3 | I54: =IF(ISBLANK(H54),"NOT PROVIDED",IF(H54<3,"POOR",IF(H54<4.5,"AVERAGE","EXCELLENT"))) -> AVERAGE | J54: =IF(B54<1000,"LOW PRICE",IF(B54<2000,"MEDIUM PRICE","HIGH PRICE")) -> LOW PRICE
A55: LED Eye Protection Desk Lamp , Study, Reading, USB Fan - Double Pen Holder | B55: 1820 | C55: 3490 | D55: =C55-B55 -> 1670 | E55: 0.48 | F55: =IF(E55<20%,"LOW DISCOUNT",IF(E55<40%,"MEDIUM DISCOUNT","HIGH DISCOUNT")) -> HIGH DISCOUNT | G55: 9 | H55: 4.3 | I55: =IF(ISBLANK(H55),"NOT PROVIDED",IF(H55<3,"POOR",IF(H55<4.5,"AVERAGE","EXCELLENT"))) -> AVERAGE | J55: =IF(B55<1000,"LOW PRICE",IF(B55<2000,"MEDIUM PRICE","HIGH PRICE")) -> MEDIUM PRICE
A56: LASA 3 Tier Bamboo Shoe Bench Storage Shelf | B56: 2048 | C56: 4500 | D56: =C56-B56 -> 2452 | E56: 0.54 | F56: =IF(E56<20%,"LOW DISCOUNT",IF(E56<40%,"MEDIUM DISCOUNT","HIGH DISCOUNT")) -> HIGH DISCOUNT | G56: 7 | H56: 4.3 | I56: =IF(ISBLANK(H56),"NOT PROVIDED",IF(H56<3,"POOR",IF(H56<4.5,"AVERAGE","EXCELLENT"))) -> AVERAGE | J56: =IF(B56<1000,"LOW PRICE",IF(B56<2000,"MEDIUM PRICE","HIGH PRICE")) -> HIGH PRICE
A57: Cute Christmas Fence Garden Decorations For Holiday Home | B57: 799 | C57: 1343 | D57: =C57-B57 -> 544 | E57: 0.41 | F57: =IF(E57<20%,"LOW DISCOUNT",IF(E57<40%,"MEDIUM DISCOUNT","HIGH DISCOUNT")) -> HIGH DISCOUNT | I57: =IF(ISBLANK(H57),"NOT PROVIDED",IF(H57<3,"POOR",IF(H57<4.5,"AVERAGE","EXCELLENT"))) -> NOT PROVIDED | J57: =IF(B57<1000,"LOW PRICE",IF(B57<2000,"MEDIUM PRICE","HIGH PRICE")) -> LOW PRICE
A58: Cushion Silicone Butt Cushion Summer Ice Cushion Honeycomb Gel Cushion | B58: 1732 | C58: 1799 | D58: =C58-B58 -> 67 | E58: 0.04 | F58: =IF(E58<20%,"LOW DISCOUNT",IF(E58<40%,"MEDIUM DISCOUNT","HIGH DISCOUNT")) -> LOW DISCOUNT | I58: =IF(ISBLANK(H58),"NOT PROVIDED",IF(H58<3,"POOR",IF(H58<4.5,"AVERAGE","EXCELLENT"))) -> NOT PROVIDED | J58: =IF(B58<1000,"LOW PRICE",IF(B58<2000,"MEDIUM PRICE","HIGH PRICE")) -> MEDIUM PRICE
A59: Creative Owl Shape Keychain Black | B59: 199 | C59: 504 | D59: =C59-B59 -> 305 | E59: 0.61 | F59: =IF(E59<20%,"LOW DISCOUNT",IF(E59<40%,"MEDIUM DISCOUNT","HIGH DISCOUNT")) -> HIGH DISCOUNT | I59: =IF(ISBLANK(H59),"NOT PROVIDED",IF(H59<3,"POOR",IF(H59<4.5,"AVERAGE","EXCELLENT"))) -> NOT PROVIDED | J59: =IF(B59<1000,"LOW PRICE",IF(B59<2000,"MEDIUM PRICE","HIGH PRICE")) -> LOW PRICE
A60: Creative Owl Shape Keychain Black | B60: 176 | C60: 345 | D60: =C60-B60 -> 169 | E60: 0.49 | F60: =IF(E60<20%,"LOW DISCOUNT",IF(E60<40%,"MEDIUM DISCOUNT","HIGH DISCOUNT")) -> HIGH DISCOUNT | I60: =IF(ISBLANK(H60),"NOT PROVIDED",IF(H60<3,"POOR",IF(H60<4.5,"AVERAGE","EXCELLENT"))) -> NOT PROVIDED | J60: =IF(B60<1000,"LOW PRICE",IF(B60<2000,"MEDIUM PRICE","HIGH PRICE")) -> LOW PRICE
A61: Exfoliate And Exfoliate Face Towel - Black | B61: 185 | C61: 382 | D61: =C61-B61 -> 197 | E61: 0.52 | F61: =IF(E61<20%,"LOW DISCOUNT",IF(E61<40%,"MEDIUM DISCOUNT","HIGH DISCOUNT")) -> HIGH DISCOUNT | G61: 9 | H61: 4.3 | I61: =IF(ISBLANK(H61),"NOT PROVIDED",IF(H61<3,"POOR",IF(H61<4.5,"AVERAGE","EXCELLENT"))) -> AVERAGE | J61: =IF(B61<1000,"LOW PRICE",IF(B61<2000,"MEDIUM PRICE","HIGH PRICE")) -> LOW PRICE
A62: Christmas Fence Garden Decorations Outdoor For Holiday Home | B62: 699 | C62: 1343 | D62: =C62-B62 -> 644 | E62: 0.48 | F62: =IF(E62<20%,"LOW DISCOUNT",IF(E62<40%,"MEDIUM DISCOUNT","HIGH DISCOUNT")) -> HIGH DISCOUNT | I62: =IF(ISBLANK(H62),"NOT PROVIDED",IF(H62<3,"POOR",IF(H62<4.5,"AVERAGE","EXCELLENT"))) -> NOT PROVIDED | J62: =IF(B62<1000,"LOW PRICE",IF(B62<2000,"MEDIUM PRICE","HIGH PRICE")) -> LOW PRICE
A63: Christmas Elk Fence Yard Lawn Decorations Cute For Holidays | B63: 999 | C63: 2000 | D63: =C63-B63 -> 1001 | E63: 0.5 | F63: =IF(E63<20%,"LOW DISCOUNT",IF(E63<40%,"MEDIUM DISCOUNT","HIGH DISCOUNT")) -> HIGH DISCOUNT | I63: =IF(ISBLANK(H63),"NOT PROVIDED",IF(H63<3,"POOR",IF(H63<4.5,"AVERAGE","EXCELLENT"))) -> NOT PROVIDED | J63: =IF(B63<1000,"LOW PRICE",IF(B63<2000,"MEDIUM PRICE","HIGH PRICE")) -> LOW PRICE
A64: Cartoon Embroidered Mini Towel Bear Cotton Wash Cloth Hand 4pcs | B64: 1190 | C64: 1810 | D64: =C64-B64 -> 620 | E64: 0.34 | F64: =IF(E64<20%,"LOW DISCOUNT",IF(E64<40%,"MEDIUM DISCOUNT","HIGH DISCOUNT")) -> MEDIUM DISCOUNT | I64: =IF(ISBLANK(H64),"NOT PROVIDED",IF(H64<3,"POOR",IF(H64<4.5,"AVERAGE","EXCELLENT"))) -> NOT PROVIDED | J64: =IF(B64<1000,"LOW PRICE",IF(B64<2000,"MEDIUM PRICE","HIGH PRICE")) -> MEDIUM PRICE
A65: Cartoon Car Decoration Cute Individuality For Car Home Desk | B65: 274 | C65: 537 | D65: =C65-B65 -> 263 | E65: 0.49 | F65: =IF(E65<20%,"LOW DISCOUNT",IF(E65<40%,"MEDIUM DISCOUNT","HIGH DISCOUNT")) -> HIGH DISCOUNT | I65: =IF(ISBLANK(H65),"NOT PROVIDED",IF(H65<3,"POOR",IF(H65<4.5,"AVERAGE","EXCELLENT"))) -> NOT PROVIDED | J65: =IF(B65<1000,"LOW PRICE",IF(B65<2000,"MEDIUM PRICE","HIGH PRICE")) -> LOW PRICE
A66: Car Phone Charging Stand | B66: 671 | C66: 1316 | D66: =C66-B66 -> 645 | E66: 0.49 | F66: =IF(E66<20%,"LOW DISCOUNT",IF(E66<40%,"MEDIUM DISCOUNT","HIGH DISCOUNT")) -> HIGH DISCOUNT | I66: =IF(ISBLANK(H66),"NOT PROVIDED",IF(H66<3,"POOR",IF(H66<4.5,"AVERAGE","EXCELLENT"))) -> NOT PROVIDED | J66: =IF(B66<1000,"LOW PRICE",IF(B66<2000,"MEDIUM PRICE","HIGH PRICE")) -> LOW PRICE
A67: Brush & Paintbrush Cleaning Tool Pink | B67: 299 | C67: 600 | D67: =C67-B67 -> 301 | E67: 0.5 | F67: =IF(E67<20%,"LOW DISCOUNT",IF(E67<40%,"MEDIUM DISCOUNT","HIGH DISCOUNT")) -> HIGH DISCOUNT | I67: =IF(ISBLANK(H67),"NOT PROVIDED",IF(H67<3,"POOR",IF(H67<4.5,"AVERAGE","EXCELLENT"))) -> NOT PROVIDED | J67: =IF(B67<1000,"LOW PRICE",IF(B67<2000,"MEDIUM PRICE","HIGH PRICE")) -> LOW PRICE
A68: Black Simple Water Cup Wine Coaster Anti Slip Absorbent | B68: 169 | C68: 320 | D68: =C68-B68 -> 151 | E68: 0.47 | F68: =IF(E68<20%,"LOW DISCOUNT",IF(E68<40%,"MEDIUM DISCOUNT","HIGH DISCOUNT")) -> HIGH DISCOUNT | I68: =IF(ISBLANK(H68),"NOT PROVIDED",IF(H68<3,"POOR",IF(H68<4.5,"AVERAGE","EXCELLENT"))) -> NOT PROVIDED | J68: =IF(B68<1000,"LOW PRICE",IF(B68<2000,"MEDIUM PRICE","HIGH PRICE")) -> LOW PRICE
A69: Foldable Overbed Table/Desk | B69: 1650 | C69: 2150 | D69: =C69-B69 -> 500 | E69: 0.23 | F69: =IF(E69<20%,"LOW DISCOUNT",IF(E69<40%,"MEDIUM DISCOUNT","HIGH DISCOUNT")) -> MEDIUM DISCOUNT | G69: 14 | H69: 4.4 | I69: =IF(ISBLANK(H69),"NOT PROVIDED",IF(H69<3,"POOR",IF(H69<4.5,"AVERAGE","EXCELLENT"))) -> AVERAGE | J69: =IF(B69<1000,"LOW PRICE",IF(B69<2000,"MEDIUM PRICE","HIGH PRICE")) -> MEDIUM PRICE
A70: Balloon Insert, Birthday Party Balloon Set, PU Leather | B70: 610 | C70: 1060 | D70: =C70-B70 -> 450 | E70: 0.42 | F70: =IF(E70<20%,"LOW DISCOUNT",IF(E70<40%,"MEDIUM DISCOUNT","HIGH DISCOUNT")) -> HIGH DISCOUNT | I70: =IF(ISBLANK(H70),"NOT PROVIDED",IF(H70<3,"POOR",IF(H70<4.5,"AVERAGE","EXCELLENT"))) -> NOT PROVIDED | J70: =IF(B70<1000,"LOW PRICE",IF(B70<2000,"MEDIUM PRICE","HIGH PRICE")) -> LOW PRICE
A71: Baby Early Education Shape And Color Cognitive Training Toys | B71: 525 | C71: 1029 | D71: =C71-B71 -> 504 | E71: 0.49 | F71: =IF(E71<20%,"LOW DISCOUNT",IF(E71<40%,"MEDIUM DISCOUNT","HIGH DISCOUNT")) -> HIGH DISCOUNT | I71: =IF(ISBLANK(H71),"NOT PROVIDED",IF(H71<3,"POOR",IF(H71<4.5,"AVERAGE","EXCELLENT"))) -> NOT PROVIDED | J71: =IF(B71<1000,"LOW PRICE",IF(B71<2000,"MEDIUM PRICE","HIGH PRICE")) -> LOW PRICE
A72: LASA Digital Thermometer And Hydrometer | B72: 501 | C72: 860 | D72: =C72-B72 -> 359 | E72: 0.42 | F72: =IF(E72<20%,"LOW DISCOUNT",IF(E72<40%,"MEDIUM DISCOUNT","HIGH DISCOUNT")) -> HIGH DISCOUNT | G72: 6 | H72: 4.5 | I72: =IF(ISBLANK(H72),"NOT PROVIDED",IF(H72<3,"POOR",IF(H72<4.5,"AVERAGE","EXCELLENT"))) -> EXCELLENT | J72: =IF(B72<1000,"LOW PRICE",IF(B72<2000,"MEDIUM PRICE","HIGH PRICE")) -> LOW PRICE
A73: 53 Pieces/Set Yarn Knitting Crochet Hooks With Bag - Pansies | B73: 1980 | C73: 2699 | D73: =C73-B73 -> 719 | E73: 0.27 | F73: =IF(E73<20%,"LOW DISCOUNT",IF(E73<40%,"MEDIUM DISCOUNT","HIGH DISCOUNT")) -> MEDIUM DISCOUNT | G73: 32 | H73: 4.5 | I73: =IF(ISBLANK(H73),"NOT PROVIDED",IF(H73<3,"POOR",IF(H73<4.5,"AVERAGE","EXCELLENT"))) -> EXCELLENT | J73: =IF(B73<1000,"LOW PRICE",IF(B73<2000,"MEDIUM PRICE","HIGH PRICE")) -> MEDIUM PRICE
A74: Angle Measuring Tool Full Metal Multi Angle Measuring Tool | B74: 799 | C74: 1567 | D74: =C74-B74 -> 768 | E74: 0.49 | F74: =IF(E74<20%,"LOW DISCOUNT",IF(E74<40%,"MEDIUM DISCOUNT","HIGH DISCOUNT")) -> HIGH DISCOUNT | I74: =IF(ISBLANK(H74),"NOT PROVIDED",IF(H74<3,"POOR",IF(H74<4.5,"AVERAGE","EXCELLENT"))) -> NOT PROVIDED | J74: =IF(B74<1000,"LOW PRICE",IF(B74<2000,"MEDIUM PRICE","HIGH PRICE")) -> LOW PRICE
A75: Angle Measuring Tool Full Metal Multi Angle Measuring Tool | B75: 657 | C75: 1288 | D75: =C75-B75 -> 631 | E75: 0.49 | F75: =IF(E75<20%,"LOW DISCOUNT",IF(E75<40%,"MEDIUM DISCOUNT","HIGH DISCOUNT")) -> HIGH DISCOUNT | I75: =IF(ISBLANK(H75),"NOT PROVIDED",IF(H75<3,"POOR",IF(H75<4.5,"AVERAGE","EXCELLENT"))) -> NOT PROVIDED | J75: =IF(B75<1000,"LOW PRICE",IF(B75<2000,"MEDIUM PRICE","HIGH PRICE")) -> LOW PRICE
A76: 115 Piece Set Of Multifunctional Precision Screwdrivers | B76: 950 | C76: 1525 | D76: =C76-B76 -> 575 | E76: 0.38 | F76: =IF(E76<20%,"LOW DISCOUNT",IF(E76<40%,"MEDIUM DISCOUNT","HIGH DISCOUNT")) -> MEDIUM DISCOUNT | G76: 2 | H76: 4.5 | I76: =IF(ISBLANK(H76),"NOT PROVIDED",IF(H76<3,"POOR",IF(H76<4.5,"AVERAGE","EXCELLENT"))) -> EXCELLENT | J76: =IF(B76<1000,"LOW PRICE",IF(B76<2000,"MEDIUM PRICE","HIGH PRICE")) -> LOW PRICE
A77: 9pcs Gas Mask, For Painting, Dust, Formaldehyde Grinding, Polishing | B77: 1420 | C77: 2420 | D77: =C77-B77 -> 1000 | E77: 0.41 | F77: =IF(E77<20%,"LOW DISCOUNT",IF(E77<40%,"MEDIUM DISCOUNT","HIGH DISCOUNT")) -> HIGH DISCOUNT | I77: =IF(ISBLANK(H77),"NOT PROVIDED",IF(H77<3,"POOR",IF(H77<4.5,"AVERAGE","EXCELLENT"))) -> NOT PROVIDED | J77: =IF(B77<1000,"LOW PRICE",IF(B77<2000,"MEDIUM PRICE","HIGH PRICE")) -> MEDIUM PRICE
A78: 8in1 Screwdriver With LED Light | B78: 1080 | C78: 1874 | D78: =C78-B78 -> 794 | E78: 0.42 | F78: =IF(E78<20%,"LOW DISCOUNT",IF(E78<40%,"MEDIUM DISCOUNT","HIGH DISCOUNT")) -> HIGH DISCOUNT | I78: =IF(ISBLANK(H78),"NOT PROVIDED",IF(H78<3,"POOR",IF(H78<4.5,"AVERAGE","EXCELLENT"))) -> NOT PROVIDED | J78: =IF(B78<1000,"LOW PRICE",IF(B78<2000,"MEDIUM PRICE","HIGH PRICE")) -> MEDIUM PRICE
A79: 1/2/3 Seater Elastic Sofa Cover,Living Room | B79: 1620 | C79: 2200 | D79: =C79-B79 -> 580 | E79: 0.26 | F79: =IF(E79<20%,"LOW DISCOUNT",IF(E79<40%,"MEDIUM DISCOUNT","HIGH DISCOUNT")) -> MEDIUM DISCOUNT | G79: 2 | H79: 4.5 | I79: =IF(ISBLANK(H79),"NOT PROVIDED",IF(H79<3,"POOR",IF(H79<4.5,"AVERAGE","EXCELLENT"))) -> EXCELLENT | J79: =IF(B79<1000,"LOW PRICE",IF(B79<2000,"MEDIUM PRICE","HIGH PRICE")) -> MEDIUM PRICE
A80: 7PCS Silicone Thumb Knife Finger Protector Vegetable Harvesting Knife | B80: 230 | C80: 450 | D80: =C80-B80 -> 220 | E80: 0.49 | F80: =IF(E80<20%,"LOW DISCOUNT",IF(E80<40%,"MEDIUM DISCOUNT","HIGH DISCOUNT")) -> HIGH DISCOUNT | I80: =IF(ISBLANK(H80),"NOT PROVIDED",IF(H80<3,"POOR",IF(H80<4.5,"AVERAGE","EXCELLENT"))) -> NOT PROVIDED | J80: =IF(B80<1000,"LOW PRICE",IF(B80<2000,"MEDIUM PRICE","HIGH PRICE")) -> LOW PRICE
A81: 60W Hot Melt Glue Sprayer - Efficient And Stable Glue Dispensing | B81: 1190 | C81: 1785 | D81: =C81-B81 -> 595 | E81: 0.33 | F81: =IF(E81<20%,"LOW DISCOUNT",IF(E81<40%,"MEDIUM DISCOUNT","HIGH DISCOUNT")) -> MEDIUM DISCOUNT | I81: =IF(ISBLANK(H81),"NOT PROVIDED",IF(H81<3,"POOR",IF(H81<4.5,"AVERAGE","EXCELLENT"))) -> NOT PROVIDED | J81: =IF(B81<1000,"LOW PRICE",IF(B81<2000,"MEDIUM PRICE","HIGH PRICE")) -> MEDIUM PRICE
A82: 6 Layers Steel Pipe Assembling Dustproof Storage Shoe Cabinet | B82: 899 | C82: 1699 | D82: =C82-B82 -> 800 | E82: 0.47 | F82: =IF(E82<20%,"LOW DISCOUNT",IF(E82<40%,"MEDIUM DISCOUNT","HIGH DISCOUNT")) -> HIGH DISCOUNT | I82: =IF(ISBLANK(H82),"NOT PROVIDED",IF(H82<3,"POOR",IF(H82<4.5,"AVERAGE","EXCELLENT"))) -> NOT PROVIDED | J82: =IF(B82<1000,"LOW PRICE",IF(B82<2000,"MEDIUM PRICE","HIGH PRICE")) -> LOW PRICE
A83: 6 In 1 Bottle Can Opener Multifunctional Easy Opener | B83: 199 | C83: 553 | D83: =C83-B83 -> 354 | E83: 0.64 | F83: =IF(E83<20%,"LOW DISCOUNT",IF(E83<40%,"MEDIUM DISCOUNT","HIGH DISCOUNT")) -> HIGH DISCOUNT | I83: =IF(ISBLANK(H83),"NOT PROVIDED",IF(H83<3,"POOR",IF(H83<4.5,"AVERAGE","EXCELLENT"))) -> NOT PROVIDED | J83: =IF(B83<1000,"LOW PRICE",IF(B83<2000,"MEDIUM PRICE","HIGH PRICE")) -> LOW PRICE
A84: Portable Mini Cordless Car Vacuum Cleaner - Blue | B84: 2199 | C84: 2923 | D84: =C84-B84 -> 724 | E84: 0.25 | F84: =IF(E84<20%,"LOW DISCOUNT",IF(E84<40%,"MEDIUM DISCOUNT","HIGH DISCOUNT")) -> MEDIUM DISCOUNT | G84: 24 | H84: 4.6 | I84: =IF(ISBLANK(H84),"NOT PROVIDED",IF(H84<3,"POOR",IF(H84<4.5,"AVERAGE","EXCELLENT"))) -> EXCELLENT | J84: =IF(B84<1000,"LOW PRICE",IF(B84<2000,"MEDIUM PRICE","HIGH PRICE")) -> HIGH PRICE
A85: 5m Waterproof Spherical LED String Lights Outdoor Ball Chain Lights Party Lighting Decoration Adjustable | B85: 1460 | C85: 2290 | D85: =C85-B85 -> 830 | E85: 0.36 | F85: =IF(E85<20%,"LOW DISCOUNT",IF(E85<40%,"MEDIUM DISCOUNT","HIGH DISCOUNT")) -> MEDIUM DISCOUNT | I85: =IF(ISBLANK(H85),"NOT PROVIDED",IF(H85<3,"POOR",IF(H85<4.5,"AVERAGE","EXCELLENT"))) -> NOT PROVIDED | J85: =IF(B85<1000,"LOW PRICE",IF(B85<2000,"MEDIUM PRICE","HIGH PRICE")) -> MEDIUM PRICE
A86: LED Wall Digital Alarm Clock Study Home 12 / 24H Clock Calendar | B86: 2999 | C86: 3699 | D86: =C86-B86 -> 700 | E86: 0.19 | F86: =IF(E86<20%,"LOW DISCOUNT",IF(E86<40%,"MEDIUM DISCOUNT","HIGH DISCOUNT")) -> LOW DISCOUNT | G86: 5 | H86: 4.6 | I86: =IF(ISBLANK(H86),"NOT PROVIDED",IF(H86<3,"POOR",IF(H86<4.5,"AVERAGE","EXCELLENT"))) -> EXCELLENT | J86: =IF(B86<1000,"LOW PRICE",IF(B86<2000,"MEDIUM PRICE","HIGH PRICE")) -> HIGH PRICE
A87: Electronic Digital Display Vernier Caliper | B87: 420 | C87: 647 | D87: =C87-B87 -> 227 | E87: 0.35 | F87: =IF(E87<20%,"LOW DISCOUNT",IF(E87<40%,"MEDIUM DISCOUNT","HIGH DISCOUNT")) -> MEDIUM DISCOUNT | G87: 49 | H87: 4.6 | I87: =IF(ISBLANK(H87),"NOT PROVIDED",IF(H87<3,"POOR",IF(H87<4.5,"AVERAGE","EXCELLENT"))) -> EXCELLENT | J87: =IF(B87<1000,"LOW PRICE",IF(B87<2000,"MEDIUM PRICE","HIGH PRICE")) -> LOW PRICE
A88: 3D Waterproof EVA Plastic Shower Curtain 1.8*2Mtrs | B88: 998 | C88: 1966 | D88: =C88-B88 -> 968 | E88: 0.49 | F88: =IF(E88<20%,"LOW DISCOUNT",IF(E88<40%,"MEDIUM DISCOUNT","HIGH DISCOUNT")) -> HIGH DISCOUNT | G88: 44 | H88: 4.6 | I88: =IF(ISBLANK(H88),"NOT PROVIDED",IF(H88<3,"POOR",IF(H88<4.5,"AVERAGE","EXCELLENT"))) -> EXCELLENT | J88: =IF(B88<1000,"LOW PRICE",IF(B88<2000,"MEDIUM PRICE","HIGH PRICE")) -> LOW PRICE
A89: 137 Pieces Cake Decorating Tool Set Baking Supplies | B89: 2319 | C89: 3032 | D89: =C89-B89 -> 713 | E89: 0.24 | F89: =IF(E89<20%,"LOW DISCOUNT",IF(E89<40%,"MEDIUM DISCOUNT","HIGH DISCOUNT")) -> MEDIUM DISCOUNT | G89: 55 | H89: 4.6 | I89: =IF(ISBLANK(H89),"NOT PROVIDED",IF(H89<3,"POOR",IF(H89<4.5,"AVERAGE","EXCELLENT"))) -> EXCELLENT | J89: =IF(B89<1000,"LOW PRICE",IF(B89<2000,"MEDIUM PRICE","HIGH PRICE")) -> HIGH PRICE
A90: 4pcs Bathroom/Kitchen Towel Rack,Roll Paper Holder,Towel Bars,Hook | B90: 1860 | C90: 3220 | D90: =C90-B90 -> 1360 | E90: 0.42 | F90: =IF(E90<20%,"LOW DISCOUNT",IF(E90<40%,"MEDIUM DISCOUNT","HIGH DISCOUNT")) -> HIGH DISCOUNT | I90: =IF(ISBLANK(H90),"NOT PROVIDED",IF(H90<3,"POOR",IF(H90<4.5,"AVERAGE","EXCELLENT"))) -> NOT PROVIDED | J90: =IF(B90<1000,"LOW PRICE",IF(B90<2000,"MEDIUM PRICE","HIGH PRICE")) -> MEDIUM PRICE
A91: 4M Float Switch Water Level Controller -Water Tank | B91: 475 | C91: 931 | D91: =C91-B91 -> 456 | E91: 0.49 | F91: =IF(E91<20%,"LOW DISCOUNT",IF(E91<40%,"MEDIUM DISCOUNT","HIGH DISCOUNT")) -> HIGH DISCOUNT | I91: =IF(ISBLANK(H91),"NOT PROVIDED",IF(H91<3,"POOR",IF(H91<4.5,"AVERAGE","EXCELLENT"))) -> NOT PROVIDED | J91: =IF(B91<1000,"LOW PRICE",IF(B91<2000,"MEDIUM PRICE","HIGH PRICE")) -> LOW PRICE
A92: Weighing Scale Digital Bathroom Body Fat Scale USB-Black | B92: 1580 | C92: 2499 | D92: =C92-B92 -> 919 | E92: 0.37 | F92: =IF(E92<20%,"LOW DISCOUNT",IF(E92<40%,"MEDIUM DISCOUNT","HIGH DISCOUNT")) -> MEDIUM DISCOUNT | G92: 7 | H92: 4.7 | I92: =IF(ISBLANK(H92),"NOT PROVIDED",IF(H92<3,"POOR",IF(H92<4.5,"AVERAGE","EXCELLENT"))) -> EXCELLENT | J92: =IF(B92<1000,"LOW PRICE",IF(B92<2000,"MEDIUM PRICE","HIGH PRICE")) -> MEDIUM PRICE
A93: 4 Piece Coloured Stainless Steel Kitchenware Set | B93: 248 | C93: 486 | D93: =C93-B93 -> 238 | E93: 0.49 | F93: =IF(E93<20%,"LOW DISCOUNT",IF(E93<40%,"MEDIUM DISCOUNT","HIGH DISCOUNT")) -> HIGH DISCOUNT | I93: =IF(ISBLANK(H93),"NOT PROVIDED",IF(H93<3,"POOR",IF(H93<4.5,"AVERAGE","EXCELLENT"))) -> NOT PROVIDED | J93: =IF(B93<1000,"LOW PRICE",IF(B93<2000,"MEDIUM PRICE","HIGH PRICE")) -> LOW PRICE
A94: 53Pcs/Set Yarn Knitting Crochet Hooks With Bag - Fortune Cat | B94: 1940 | C94: 2650 | D94: =C94-B94 -> 710 | E94: 0.27 | F94: =IF(E94<20%,"LOW DISCOUNT",IF(E94<40%,"MEDIUM DISCOUNT","HIGH DISCOUNT")) -> MEDIUM DISCOUNT | G94: 20 | H94: 4.7 | I94: =IF(ISBLANK(H94),"NOT PROVIDED",IF(H94<3,"POOR",IF(H94<4.5,"AVERAGE","EXCELLENT"))) -> EXCELLENT | J94: =IF(B94<1000,"LOW PRICE",IF(B94<2000,"MEDIUM PRICE","HIGH PRICE")) -> MEDIUM PRICE
A95: 3PCS Rotary Scraper Thermomix For Kitchen | B95: 690 | C95: 1200 | D95: =C95-B95 -> 510 | E95: 0.43 | F95: =IF(E95<20%,"LOW DISCOUNT",IF(E95<40%,"MEDIUM DISCOUNT","HIGH DISCOUNT")) -> HIGH DISCOUNT | I95: =IF(ISBLANK(H95),"NOT PROVIDED",IF(H95<3,"POOR",IF(H95<4.5,"AVERAGE","EXCELLENT"))) -> NOT PROVIDED | J95: =IF(B95<1000,"LOW PRICE",IF(B95<2000,"MEDIUM PRICE","HIGH PRICE")) -> LOW PRICE
A96: 12 Litre Insulated Lunch Box Grey | B96: 980 | C96: 1490 | D96: =C96-B96 -> 510 | E96: 0.34 | F96: =IF(E96<20%,"LOW DISCOUNT",IF(E96<40%,"MEDIUM DISCOUNT","HIGH DISCOUNT")) -> MEDIUM DISCOUNT | G96: 12 | H96: 4.7 | I96: =IF(ISBLANK(H96),"NOT PROVIDED",IF(H96<3,"POOR",IF(H96<4.5,"AVERAGE","EXCELLENT"))) -> EXCELLENT | J96: =IF(B96<1000,"LOW PRICE",IF(B96<2000,"MEDIUM PRICE","HIGH PRICE")) -> LOW PRICE
A97: 100 Pcs Crochet Hook Tool Set Knitting Hook Set With Box | B97: 990 | C97: 1500 | D97: =C97-B97 -> 510 | E97: 0.34 | F97: =IF(E97<20%,"LOW DISCOUNT",IF(E97<40%,"MEDIUM DISCOUNT","HIGH DISCOUNT")) -> MEDIUM DISCOUNT | G97: 39 | H97: 4.7 | I97: =IF(ISBLANK(H97),"NOT PROVIDED",IF(H97<3,"POOR",IF(H97<4.5,"AVERAGE","EXCELLENT"))) -> EXCELLENT | J97: =IF(B97<1000,"LOW PRICE",IF(B97<2000,"MEDIUM PRICE","HIGH PRICE")) -> LOW PRICE
A98: Portable Home Small Air Humidifier 3-Speed Fan - Green | B98: 1740 | C98: 2356 | D98: =C98-B98 -> 616 | E98: 0.26 | F98: =IF(E98<20%,"LOW DISCOUNT",IF(E98<40%,"MEDIUM DISCOUNT","HIGH DISCOUNT")) -> MEDIUM DISCOUNT | G98: 5 | H98: 4.8 | I98: =IF(ISBLANK(H98),"NOT PROVIDED",IF(H98<3,"POOR",IF(H98<4.5,"AVERAGE","EXCELLENT"))) -> EXCELLENT | J98: =IF(B98<1000,"LOW PRICE",IF(B98<2000,"MEDIUM PRICE","HIGH PRICE")) -> MEDIUM PRICE
A99: 2PCS/LOT Solar LED Outdoor Intelligent Light Controlled Wall Lamp | B99: 790 | C99: 1485 | D99: =C99-B99 -> 695 | E99: 0.47 | F99: =IF(E99<20%,"LOW DISCOUNT",IF(E99<40%,"MEDIUM DISCOUNT","HIGH DISCOUNT")) -> HIGH DISCOUNT | I99: =IF(ISBLANK(H99),"NOT PROVIDED",IF(H99<3,"POOR",IF(H99<4.5,"AVERAGE","EXCELLENT"))) -> NOT PROVIDED | J99: =IF(B99<1000,"LOW PRICE",IF(B99<2000,"MEDIUM PRICE","HIGH PRICE")) -> LOW PRICE
A100: 2pcs Solar Street Light Flood Light Outdoor | B100: 1200 | C100: 1950 | D100: =C100-B100 -> 750 | E100: 0.38 | F100: =IF(E100<20%,"LOW DISCOUNT",IF(E100<40%,"MEDIUM DISCOUNT","HIGH DISCOUNT")) -> MEDIUM DISCOUNT | I100: =IF(ISBLANK(H100),"NOT PROVIDED",IF(H100<3,"POOR",IF(H100<4.5,"AVERAGE","EXCELLENT"))) -> NOT PROVIDED | J100: =IF(B100<1000,"LOW PRICE",IF(B100<2000,"MEDIUM PRICE","HIGH PRICE")) -> MEDIUM PRICE
...

Sheet HIGH RATING +LOW DISCOUNT PRODU
A1: Product | B1: Current price | C1: Old price | D1: Discount Price | E1: Discount | F1: Discount category | G1: Review | H1: Ratingd | I1: Rating Category | J1: Price Category
A2: 5-PCS Stainless Steel Cooking Pot Set With Steamed Slices | B2: 2115 | C2: 4700 | D2: =C2-B2 -> 2585 | E2: 0.55 | F2: =IF(E2<20%,"LOW DISCOUNT",IF(E2<40%,"MEDIUM DISCOUNT","HIGH DISCOUNT")) -> HIGH DISCOUNT | G2: 13 | H2: 2.1 | I2: =IF(ISBLANK(H2),"NOT PROVIDED",IF(H2<3,"POOR",IF(H2<4.5,"AVERAGE","EXCELLENT"))) -> POOR | J2: =IF(B2<1000,"LOW PRICE",IF(B2<2000,"MEDIUM PRICE","HIGH PRICE")) -> HIGH PRICE
A3: LASA 3 Tier Bamboo Shoe Bench Storage Shelf | B3: 2048 | C3: 4500 | D3: =C3-B3 -> 2452 | E3: 0.54 | F3: =IF(E3<20%,"LOW DISCOUNT",IF(E3<40%,"MEDIUM DISCOUNT","HIGH DISCOUNT")) -> HIGH DISCOUNT | G3: 7 | H3: 4.3 | I3: =IF(ISBLANK(H3),"NOT PROVIDED",IF(H3<3,"POOR",IF(H3<4.5,"AVERAGE","EXCELLENT"))) -> AVERAGE | J3: =IF(B3<1000,"LOW PRICE",IF(B3<2000,"MEDIUM PRICE","HIGH PRICE")) -> HIGH PRICE
A4: 32PCS Portable Cordless Drill Set With Cyclic Battery Drive -26 Variable Speed | B4: 3750 | C4: 6143 | D4: =C4-B4 -> 2393 | E4: 0.39 | F4: =IF(E4<20%,"LOW DISCOUNT",IF(E4<40%,"MEDIUM DISCOUNT","HIGH DISCOUNT")) -> MEDIUM DISCOUNT | G4: 5 | H4: 3 | I4: =IF(ISBLANK(H4),"NOT PROVIDED",IF(H4<3,"POOR",IF(H4<4.5,"AVERAGE","EXCELLENT"))) -> AVERAGE | J4: =IF(B4<1000,"LOW PRICE",IF(B4<2000,"MEDIUM PRICE","HIGH PRICE")) -> HIGH PRICE
A5: LASA Aluminum Folding Truck Hand Cart - 68kg Max | B5: 2025 | C5: 3971 | D5: =C5-B5 -> 1946 | E5: 0.49 | F5: =IF(E5<20%,"LOW DISCOUNT",IF(E5<40%,"MEDIUM DISCOUNT","HIGH DISCOUNT")) -> HIGH DISCOUNT | G5: 3 | H5: 5 | I5: =IF(ISBLANK(H5),"NOT PROVIDED",IF(H5<3,"POOR",IF(H5<4.5,"AVERAGE","EXCELLENT"))) -> EXCELLENT | J5: =IF(B5<1000,"LOW PRICE",IF(B5<2000,"MEDIUM PRICE","HIGH PRICE")) -> HIGH PRICE
A6: MultiFunctional Storage Rack Multi-layer Bookshelf | B6: 2200 | C6: 4080 | D6: =C6-B6 -> 1880 | E6: 0.46 | F6: =IF(E6<20%,"LOW DISCOUNT",IF(E6<40%,"MEDIUM DISCOUNT","HIGH DISCOUNT")) -> HIGH DISCOUNT | I6: =IF(ISBLANK(H6),"NOT PROVIDED",IF(H6<3,"POOR",IF(H6<4.5,"AVERAGE","EXCELLENT"))) -> NOT PROVIDED | J6: =IF(B6<1000,"LOW PRICE",IF(B6<2000,"MEDIUM PRICE","HIGH PRICE")) -> HIGH PRICE
A7: LASA Stainless Steel Double Wall Mount Soap Dispenser - 500ml | B7: 2750 | C7: 4471 | D7: =C7-B7 -> 1721 | E7: 0.38 | F7: =IF(E7<20%,"LOW DISCOUNT",IF(E7<40%,"MEDIUM DISCOUNT","HIGH DISCOUNT")) -> MEDIUM DISCOUNT | I7: =IF(ISBLANK(H7),"NOT PROVIDED",IF(H7<3,"POOR",IF(H7<4.5,"AVERAGE","EXCELLENT"))) -> NOT PROVIDED | J7: =IF(B7<1000,"LOW PRICE",IF(B7<2000,"MEDIUM PRICE","HIGH PRICE")) -> HIGH PRICE
A8: LED Eye Protection Desk Lamp , Study, Reading, USB Fan - Double Pen Holder | B8: 1820 | C8: 3490 | D8: =C8-B8 -> 1670 | E8: 0.48 | F8: =IF(E8<20%,"LOW DISCOUNT",IF(E8<40%,"MEDIUM DISCOUNT","HIGH DISCOUNT")) -> HIGH DISCOUNT | G8: 9 | H8: 4.3 | I8: =IF(ISBLANK(H8),"NOT PROVIDED",IF(H8<3,"POOR",IF(H8<4.5,"AVERAGE","EXCELLENT"))) -> AVERAGE | J8: =IF(B8<1000,"LOW PRICE",IF(B8<2000,"MEDIUM PRICE","HIGH PRICE")) -> MEDIUM PRICE
A9: LASA FOLDING TABLE SERVING STAND | B9: 1274 | C9: 2800 | D9: =C9-B9 -> 1526 | E9: 0.55 | F9: =IF(E9<20%,"LOW DISCOUNT",IF(E9<40%,"MEDIUM DISCOUNT","HIGH DISCOUNT")) -> HIGH DISCOUNT | G9: 5 | H9: 4.8 | I9: =IF(ISBLANK(H9),"NOT PROVIDED",IF(H9<3,"POOR",IF(H9<4.5,"AVERAGE","EXCELLENT"))) -> EXCELLENT | J9: =IF(B9<1000,"LOW PRICE",IF(B9<2000,"MEDIUM PRICE","HIGH PRICE")) -> MEDIUM PRICE
A10: Electric LED UV Mosquito Killer Lamp, Outdoor/Indoor Fly Killer Trap Light -USB | B10: 1570 | C10: 2988 | D10: =C10-B10 -> 1418 | E10: 0.47 | F10: =IF(E10<20%,"LOW DISCOUNT",IF(E10<40%,"MEDIUM DISCOUNT","HIGH DISCOUNT")) -> HIGH DISCOUNT | G10: 7 | H10: 2.1 | I10: =IF(ISBLANK(H10),"NOT PROVIDED",IF(H10<3,"POOR",IF(H10<4.5,"AVERAGE","EXCELLENT"))) -> POOR | J10: =IF(B10<1000,"LOW PRICE",IF(B10<2000,"MEDIUM PRICE","HIGH PRICE")) -> MEDIUM PRICE
A11: 4pcs Bathroom/Kitchen Towel Rack,Roll Paper Holder,Towel Bars,Hook | B11: 1860 | C11: 3220 | D11: =C11-B11 -> 1360 | E11: 0.42 | F11: =IF(E11<20%,"LOW DISCOUNT",IF(E11<40%,"MEDIUM DISCOUNT","HIGH DISCOUNT")) -> HIGH DISCOUNT | I11: =IF(ISBLANK(H11),"NOT PROVIDED",IF(H11<3,"POOR",IF(H11<4.5,"AVERAGE","EXCELLENT"))) -> NOT PROVIDED | J11: =IF(B11<1000,"LOW PRICE",IF(B11<2000,"MEDIUM PRICE","HIGH PRICE")) -> MEDIUM PRICE
A12: 13 In 1 Home Repair Tools Box Kit Set | B12: 1600 | C12: 2929 | D12: =C12-B12 -> 1329 | E12: 0.45 | F12: =IF(E12<20%,"LOW DISCOUNT",IF(E12<40%,"MEDIUM DISCOUNT","HIGH DISCOUNT")) -> HIGH DISCOUNT | G12: 5 | H12: 3.8 | I12: =IF(ISBLANK(H12),"NOT PROVIDED",IF(H12<3,"POOR",IF(H12<4.5,"AVERAGE","EXCELLENT"))) -> AVERAGE | J12: =IF(B12<1000,"LOW PRICE",IF(B12<2000,"MEDIUM PRICE","HIGH PRICE")) -> MEDIUM PRICE
A13: Home Decor Chair Cover-Grey | B13: 1980 | C13: 3200 | D13: =C13-B13 -> 1220 | E13: 0.38 | F13: =IF(E13<20%,"LOW DISCOUNT",IF(E13<40%,"MEDIUM DISCOUNT","HIGH DISCOUNT")) -> MEDIUM DISCOUNT | I13: =IF(ISBLANK(H13),"NOT PROVIDED",IF(H13<3,"POOR",IF(H13<4.5,"AVERAGE","EXCELLENT"))) -> NOT PROVIDED | J13: =IF(B13<1000,"LOW PRICE",IF(B13<2000,"MEDIUM PRICE","HIGH PRICE")) -> MEDIUM PRICE
A14: Portable Wine Table With Folding Round Table | B14: 1300 | C14: 2500 | D14: =C14-B14 -> 1200 | E14: 0.48 | F14: =IF(E14<20%,"LOW DISCOUNT",IF(E14<40%,"MEDIUM DISCOUNT","HIGH DISCOUNT")) -> HIGH DISCOUNT | I14: =IF(ISBLANK(H14),"NOT PROVIDED",IF(H14<3,"POOR",IF(H14<4.5,"AVERAGE","EXCELLENT"))) -> NOT PROVIDED | J14: =IF(B14<1000,"LOW PRICE",IF(B14<2000,"MEDIUM PRICE","HIGH PRICE")) -> MEDIUM PRICE
A15: 2PCS Ice Silk Square Cushion Cover Pillowcases - 65x65cm | B15: 1200 | C15: 2400 | D15: =C15-B15 -> 1200 | E15: 0.5 | F15: =IF(E15<20%,"LOW DISCOUNT",IF(E15<40%,"MEDIUM DISCOUNT","HIGH DISCOUNT")) -> HIGH DISCOUNT | I15: =IF(ISBLANK(H15),"NOT PROVIDED",IF(H15<3,"POOR",IF(H15<4.5,"AVERAGE","EXCELLENT"))) -> NOT PROVIDED | J15: =IF(B15<1000,"LOW PRICE",IF(B15<2000,"MEDIUM PRICE","HIGH PRICE")) -> MEDIUM PRICE
A16: DIY File Folder, Office Drawer File Holder, Pen Holder, Desktop Storage Rack | B16: 1620 | C16: 2690 | D16: =C16-B16 -> 1070 | E16: 0.4 | F16: =IF(E16<20%,"LOW DISCOUNT",IF(E16<40%,"MEDIUM DISCOUNT","HIGH DISCOUNT")) -> HIGH DISCOUNT | G16: 1 | H16: 5 | I16: =IF(ISBLANK(H16),"NOT PROVIDED",IF(H16<3,"POOR",IF(H16<4.5,"AVERAGE","EXCELLENT"))) -> EXCELLENT | J16: =IF(B16<1000,"LOW PRICE",IF(B16<2000,"MEDIUM PRICE","HIGH PRICE")) -> MEDIUM PRICE
A17: 12V 19500rpm Handheld Electric Angle Grinder Tool - UK - Yellow/Black | B17: 2799 | C17: 3810 | D17: =C17-B17 -> 1011 | E17: 0.27 | F17: =IF(E17<20%,"LOW DISCOUNT",IF(E17<40%,"MEDIUM DISCOUNT","HIGH DISCOUNT")) -> MEDIUM DISCOUNT | I17: =IF(ISBLANK(H17),"NOT PROVIDED",IF(H17<3,"POOR",IF(H17<4.5,"AVERAGE","EXCELLENT"))) -> NOT PROVIDED | J17: =IF(B17<1000,"LOW PRICE",IF(B17<2000,"MEDIUM PRICE","HIGH PRICE")) -> HIGH PRICE
A18: Memory Foam Neck Pillow Cover, With Pillow Core - 50*30cm | B18: 1189 | C18: 2199 | D18: =C18-B18 -> 1010 | E18: 0.46 | F18: =IF(E18<20%,"LOW DISCOUNT",IF(E18<40%,"MEDIUM DISCOUNT","HIGH DISCOUNT")) -> HIGH DISCOUNT | G18: 1 | H18: 3 | I18: =IF(ISBLANK(H18),"NOT PROVIDED",IF(H18<3,"POOR",IF(H18<4.5,"AVERAGE","EXCELLENT"))) -> AVERAGE | J18: =IF(B18<1000,"LOW PRICE",IF(B18<2000,"MEDIUM PRICE","HIGH PRICE")) -> MEDIUM PRICE
A19: Christmas Elk Fence Yard Lawn Decorations Cute For Holidays | B19: 999 | C19: 2000 | D19: =C19-B19 -> 1001 | E19: 0.5 | F19: =IF(E19<20%,"LOW DISCOUNT",IF(E19<40%,"MEDIUM DISCOUNT","HIGH DISCOUNT")) -> HIGH DISCOUNT | I19: =IF(ISBLANK(H19),"NOT PROVIDED",IF(H19<3,"POOR",IF(H19<4.5,"AVERAGE","EXCELLENT"))) -> NOT PROVIDED | J19: =IF(B19<1000,"LOW PRICE",IF(B19<2000,"MEDIUM PRICE","HIGH PRICE")) -> LOW PRICE
A20: 380ML USB Rechargeable Portable Small Blenders And Juicers | B20: 1000 | C20: 2000 | D20: =C20-B20 -> 1000 | E20: 0.5 | F20: =IF(E20<20%,"LOW DISCOUNT",IF(E20<40%,"MEDIUM DISCOUNT","HIGH DISCOUNT")) -> HIGH DISCOUNT | G20: 7 | H20: 2.3 | I20: =IF(ISBLANK(H20),"NOT PROVIDED",IF(H20<3,"POOR",IF(H20<4.5,"AVERAGE","EXCELLENT"))) -> POOR | J20: =IF(B20<1000,"LOW PRICE",IF(B20<2000,"MEDIUM PRICE","HIGH PRICE")) -> MEDIUM PRICE
A21: 9pcs Gas Mask, For Painting, Dust, Formaldehyde Grinding, Polishing | B21: 1420 | C21: 2420 | D21: =C21-B21 -> 1000 | E21: 0.41 | F21: =IF(E21<20%,"LOW DISCOUNT",IF(E21<40%,"MEDIUM DISCOUNT","HIGH DISCOUNT")) -> HIGH DISCOUNT | I21: =IF(ISBLANK(H21),"NOT PROVIDED",IF(H21<3,"POOR",IF(H21<4.5,"AVERAGE","EXCELLENT"))) -> NOT PROVIDED | J21: =IF(B21<1000,"LOW PRICE",IF(B21<2000,"MEDIUM PRICE","HIGH PRICE")) -> MEDIUM PRICE
A22: 3D Waterproof EVA Plastic Shower Curtain 1.8*2Mtrs | B22: 998 | C22: 1966 | D22: =C22-B22 -> 968 | E22: 0.49 | F22: =IF(E22<20%,"LOW DISCOUNT",IF(E22<40%,"MEDIUM DISCOUNT","HIGH DISCOUNT")) -> HIGH DISCOUNT | G22: 44 | H22: 4.6 | I22: =IF(ISBLANK(H22),"NOT PROVIDED",IF(H22<3,"POOR",IF(H22<4.5,"AVERAGE","EXCELLENT"))) -> EXCELLENT | J22: =IF(B22<1000,"LOW PRICE",IF(B22<2000,"MEDIUM PRICE","HIGH PRICE")) -> LOW PRICE
A23: Konka Healty Electric Kettle, 24-hour Heat Preservation,1.5L,800W, White | B23: 3640 | C23: 4588 | D23: =C23-B23 -> 948 | E23: 0.21 | F23: =IF(E23<20%,"LOW DISCOUNT",IF(E23<40%,"MEDIUM DISCOUNT","HIGH DISCOUNT")) -> MEDIUM DISCOUNT | G23: 1 | H23: 5 | I23: =IF(ISBLANK(H23),"NOT PROVIDED",IF(H23<3,"POOR",IF(H23<4.5,"AVERAGE","EXCELLENT"))) -> EXCELLENT | J23: =IF(B23<1000,"LOW PRICE",IF(B23<2000,"MEDIUM PRICE","HIGH PRICE")) -> HIGH PRICE
A24: Bedroom Simple Floor Hanging Clothes Rack Single Pole Hat Rack - White | B24: 979 | C24: 1920 | D24: =C24-B24 -> 941 | E24: 0.49 | F24: =IF(E24<20%,"LOW DISCOUNT",IF(E24<40%,"MEDIUM DISCOUNT","HIGH DISCOUNT")) -> HIGH DISCOUNT | G24: 1 | H24: 5 | I24: =IF(ISBLANK(H24),"NOT PROVIDED",IF(H24<3,"POOR",IF(H24<4.5,"AVERAGE","EXCELLENT"))) -> EXCELLENT | J24: =IF(B24<1000,"LOW PRICE",IF(B24<2000,"MEDIUM PRICE","HIGH PRICE")) -> LOW PRICE
A25: Large Lazy Inflatable Sofa Chairs PVC Lounger Seat Bag | B25: 2300 | C25: 3240 | D25: =C25-B25 -> 940 | E25: 0.29 | F25: =IF(E25<20%,"LOW DISCOUNT",IF(E25<40%,"MEDIUM DISCOUNT","HIGH DISCOUNT")) -> MEDIUM DISCOUNT | G25: 5 | H25: 3 | I25: =IF(ISBLANK(H25),"NOT PROVIDED",IF(H25<3,"POOR",IF(H25<4.5,"AVERAGE","EXCELLENT"))) -> AVERAGE | J25: =IF(B25<1000,"LOW PRICE",IF(B25<2000,"MEDIUM PRICE","HIGH PRICE")) -> HIGH PRICE
A26: Weighing Scale Digital Bathroom Body Fat Scale USB-Black | B26: 1580 | C26: 2499 | D26: =C26-B26 -> 919 | E26: 0.37 | F26: =IF(E26<20%,"LOW DISCOUNT",IF(E26<40%,"MEDIUM DISCOUNT","HIGH DISCOUNT")) -> MEDIUM DISCOUNT | G26: 7 | H26: 4.7 | I26: =IF(ISBLANK(H26),"NOT PROVIDED",IF(H26<3,"POOR",IF(H26<4.5,"AVERAGE","EXCELLENT"))) -> EXCELLENT | J26: =IF(B26<1000,"LOW PRICE",IF(B26<2000,"MEDIUM PRICE","HIGH PRICE")) -> MEDIUM PRICE
A27: Wall Clock With Hidden Safe Box | B27: 850 | C27: 1700 | D27: =C27-B27 -> 850 | E27: 0.5 | F27: =IF(E27<20%,"LOW DISCOUNT",IF(E27<40%,"MEDIUM DISCOUNT","HIGH DISCOUNT")) -> HIGH DISCOUNT | I27: =IF(ISBLANK(H27),"NOT PROVIDED",IF(H27<3,"POOR",IF(H27<4.5,"AVERAGE","EXCELLENT"))) -> NOT PROVIDED | J27: =IF(B27<1000,"LOW PRICE",IF(B27<2000,"MEDIUM PRICE","HIGH PRICE")) -> LOW PRICE
A28: 7-piece Set Of Storage Bags, Travel Storage Bags, Shoe Bags | B28: 968 | C28: 1814 | D28: =C28-B28 -> 846 | E28: 0.47 | F28: =IF(E28<20%,"LOW DISCOUNT",IF(E28<40%,"MEDIUM DISCOUNT","HIGH DISCOUNT")) -> HIGH DISCOUNT | G28: 6 | H28: 2.2 | I28: =IF(ISBLANK(H28),"NOT PROVIDED",IF(H28<3,"POOR",IF(H28<4.5,"AVERAGE","EXCELLENT"))) -> POOR | J28: =IF(B28<1000,"LOW PRICE",IF(B28<2000,"MEDIUM PRICE","HIGH PRICE")) -> LOW PRICE
A29: 5m Waterproof Spherical LED String Lights Outdoor Ball Chain Lights Party Lighting Decoration Adjustable | B29: 1460 | C29: 2290 | D29: =C29-B29 -> 830 | E29: 0.36 | F29: =IF(E29<20%,"LOW DISCOUNT",IF(E29<40%,"MEDIUM DISCOUNT","HIGH DISCOUNT")) -> MEDIUM DISCOUNT | I29: =IF(ISBLANK(H29),"NOT PROVIDED",IF(H29<3,"POOR",IF(H29<4.5,"AVERAGE","EXCELLENT"))) -> NOT PROVIDED | J29: =IF(B29<1000,"LOW PRICE",IF(B29<2000,"MEDIUM PRICE","HIGH PRICE")) -> MEDIUM PRICE
A30: Artificial Potted Flowers Room Decorative Flowers (2 Pieces) | B30: 990 | C30: 1814 | D30: =C30-B30 -> 824 | E30: 0.45 | F30: =IF(E30<20%,"LOW DISCOUNT",IF(E30<40%,"MEDIUM DISCOUNT","HIGH DISCOUNT")) -> HIGH DISCOUNT | G30: 6 | H30: 2.2 | I30: =IF(ISBLANK(H30),"NOT PROVIDED",IF(H30<3,"POOR",IF(H30<4.5,"AVERAGE","EXCELLENT"))) -> POOR | J30: =IF(B30<1000,"LOW PRICE",IF(B30<2000,"MEDIUM PRICE","HIGH PRICE")) -> LOW PRICE
A31: Multifunction Laser Level With Adjustment Tripod | B31: 1680 | C31: 2499 | D31: =C31-B31 -> 819 | E31: 0.33 | F31: =IF(E31<20%,"LOW DISCOUNT",IF(E31<40%,"MEDIUM DISCOUNT","HIGH DISCOUNT")) -> MEDIUM DISCOUNT | G31: 9 | H31: 4.2 | I31: =IF(ISBLANK(H31),"NOT PROVIDED",IF(H31<3,"POOR",IF(H31<4.5,"AVERAGE","EXCELLENT"))) -> AVERAGE | J31: =IF(B31<1000,"LOW PRICE",IF(B31<2000,"MEDIUM PRICE","HIGH PRICE")) -> MEDIUM PRICE
A32: 6 Layers Steel Pipe Assembling Dustproof Storage Shoe Cabinet | B32: 899 | C32: 1699 | D32: =C32-B32 -> 800 | E32: 0.47 | F32: =IF(E32<20%,"LOW DISCOUNT",IF(E32<40%,"MEDIUM DISCOUNT","HIGH DISCOUNT")) -> HIGH DISCOUNT | I32: =IF(ISBLANK(H32),"NOT PROVIDED",IF(H32<3,"POOR",IF(H32<4.5,"AVERAGE","EXCELLENT"))) -> NOT PROVIDED | J32: =IF(B32<1000,"LOW PRICE",IF(B32<2000,"MEDIUM PRICE","HIGH PRICE")) -> LOW PRICE
A33: 8in1 Screwdriver With LED Light | B33: 1080 | C33: 1874 | D33: =C33-B33 -> 794 | E33: 0.42 | F33: =IF(E33<20%,"LOW DISCOUNT",IF(E33<40%,"MEDIUM DISCOUNT","HIGH DISCOUNT")) -> HIGH DISCOUNT | I33: =IF(ISBLANK(H33),"NOT PROVIDED",IF(H33<3,"POOR",IF(H33<4.5,"AVERAGE","EXCELLENT"))) -> NOT PROVIDED | J33: =IF(B33<1000,"LOW PRICE",IF(B33<2000,"MEDIUM PRICE","HIGH PRICE")) -> MEDIUM PRICE
A34: Angle Measuring Tool Full Metal Multi Angle Measuring Tool | B34: 799 | C34: 1567 | D34: =C34-B34 -> 768 | E34: 0.49 | F34: =IF(E34<20%,"LOW DISCOUNT",IF(E34<40%,"MEDIUM DISCOUNT","HIGH DISCOUNT")) -> HIGH DISCOUNT | I34: =IF(ISBLANK(H34),"NOT PROVIDED",IF(H34<3,"POOR",IF(H34<4.5,"AVERAGE","EXCELLENT"))) -> NOT PROVIDED | J34: =IF(B34<1000,"LOW PRICE",IF(B34<2000,"MEDIUM PRICE","HIGH PRICE")) -> LOW PRICE
A35: 2pcs Solar Street Light Flood Light Outdoor | B35: 1200 | C35: 1950 | D35: =C35-B35 -> 750 | E35: 0.38 | F35: =IF(E35<20%,"LOW DISCOUNT",IF(E35<40%,"MEDIUM DISCOUNT","HIGH DISCOUNT")) -> MEDIUM DISCOUNT | I35: =IF(ISBLANK(H35),"NOT PROVIDED",IF(H35<3,"POOR",IF(H35<4.5,"AVERAGE","EXCELLENT"))) -> NOT PROVIDED | J35: =IF(B35<1000,"LOW PRICE",IF(B35<2000,"MEDIUM PRICE","HIGH PRICE")) -> MEDIUM PRICE
A36: 52 Pieces Cake Decorating Tool Set Gift Kit Baking Supplies | B36: 1758 | C36: 2499 | D36: =C36-B36 -> 741 | E36: 0.3 | F36: =IF(E36<20%,"LOW DISCOUNT",IF(E36<40%,"MEDIUM DISCOUNT","HIGH DISCOUNT")) -> MEDIUM DISCOUNT | G36: 20 | H36: 4.1 | I36: =IF(ISBLANK(H36),"NOT PROVIDED",IF(H36<3,"POOR",IF(H36<4.5,"AVERAGE","EXCELLENT"))) -> AVERAGE | J36: =IF(B36<1000,"LOW PRICE",IF(B36<2000,"MEDIUM PRICE","HIGH PRICE")) -> MEDIUM PRICE
A37: Portable Mini Cordless Car Vacuum Cleaner - Blue | B37: 2199 | C37: 2923 | D37: =C37-B37 -> 724 | E37: 0.25 | F37: =IF(E37<20%,"LOW DISCOUNT",IF(E37<40%,"MEDIUM DISCOUNT","HIGH DISCOUNT")) -> MEDIUM DISCOUNT | G37: 24 | H37: 4.6 | I37: =IF(ISBLANK(H37),"NOT PROVIDED",IF(H37<3,"POOR",IF(H37<4.5,"AVERAGE","EXCELLENT"))) -> EXCELLENT | J37: =IF(B37<1000,"LOW PRICE",IF(B37<2000,"MEDIUM PRICE","HIGH PRICE")) -> HIGH PRICE
A38: 53 Pieces/Set Yarn Knitting Crochet Hooks With Bag - Pansies | B38: 1980 | C38: 2699 | D38: =C38-B38 -> 719 | E38: 0.27 | F38: =IF(E38<20%,"LOW DISCOUNT",IF(E38<40%,"MEDIUM DISCOUNT","HIGH DISCOUNT")) -> MEDIUM DISCOUNT | G38: 32 | H38: 4.5 | I38: =IF(ISBLANK(H38),"NOT PROVIDED",IF(H38<3,"POOR",IF(H38<4.5,"AVERAGE","EXCELLENT"))) -> EXCELLENT | J38: =IF(B38<1000,"LOW PRICE",IF(B38<2000,"MEDIUM PRICE","HIGH PRICE")) -> MEDIUM PRICE
A39: 137 Pieces Cake Decorating Tool Set Baking Supplies | B39: 2319 | C39: 3032 | D39: =C39-B39 -> 713 | E39: 0.24 | F39: =IF(E39<20%,"LOW DISCOUNT",IF(E39<40%,"MEDIUM DISCOUNT","HIGH DISCOUNT")) -> MEDIUM DISCOUNT | G39: 55 | H39: 4.6 | I39: =IF(ISBLANK(H39),"NOT PROVIDED",IF(H39<3,"POOR",IF(H39<4.5,"AVERAGE","EXCELLENT"))) -> EXCELLENT | J39: =IF(B39<1000,"LOW PRICE",IF(B39<2000,"MEDIUM PRICE","HIGH PRICE")) -> HIGH PRICE
A40: 53Pcs/Set Yarn Knitting Crochet Hooks With Bag - Fortune Cat | B40: 1940 | C40: 2650 | D40: =C40-B40 -> 710 | E40: 0.27 | F40: =IF(E40<20%,"LOW DISCOUNT",IF(E40<40%,"MEDIUM DISCOUNT","HIGH DISCOUNT")) -> MEDIUM DISCOUNT | G40: 20 | H40: 4.7 | I40: =IF(ISBLANK(H40),"NOT PROVIDED",IF(H40<3,"POOR",IF(H40<4.5,"AVERAGE","EXCELLENT"))) -> EXCELLENT | J40: =IF(B40<1000,"LOW PRICE",IF(B40<2000,"MEDIUM PRICE","HIGH PRICE")) -> MEDIUM PRICE
